01001,ocd-division/country:us/state:al/sldu:1
01002,ocd-division/country:us/state:al/sldu:2
01003,ocd-division/country:us/state:al/sldu:3
01004,ocd-division/country:us/state:al/sldu:4
01005,ocd-division/country:us/state:al/sldu:5
01006,ocd-division/country:us/state:al/sldu:6
01007,ocd-division/country:us/state:al/sldu:7
01008,ocd-division/country:us/state:al/sldu:8
01009,ocd-division/country:us/state:al/sldu:9
01010,ocd-division/country:us/state:al/sldu:10
01011,ocd-division/country:us/state:al/sldu:11
01012,ocd-division/country:us/state:al/sldu:12
01013,ocd-division/country:us/state:al/sldu:13
01014,ocd-division/country:us/state:al/sldu:14
01015,ocd-division/country:us/state:al/sldu:15
01016,ocd-division/country:us/state:al/sldu:16
01017,ocd-division/country:us/state:al/sldu:17
01018,ocd-division/country:us/state:al/sldu:18
01019,ocd-division/country:us/state:al/sldu:19
01020,ocd-division/country:us/state:al/sldu:20
01021,ocd-division/country:us/state:al/sldu:21
01022,ocd-division/country:us/state:al/sldu:22
01023,ocd-division/country:us/state:al/sldu:23
01024,ocd-division/country:us/state:al/sldu:24
01025,ocd-division/country:us/state:al/sldu:25
01026,ocd-division/country:us/state:al/sldu:26
01027,ocd-division/country:us/state:al/sldu:27
01028,ocd-division/country:us/state:al/sldu:28
01029,ocd-division/country:us/state:al/sldu:29
01030,ocd-division/country:us/state:al/sldu:30
01031,ocd-division/country:us/state:al/sldu:31
01032,ocd-division/country:us/state:al/sldu:32
01033,ocd-division/country:us/state:al/sldu:33
01034,ocd-division/country:us/state:al/sldu:34
01035,ocd-division/country:us/state:al/sldu:35
0200A,ocd-division/country:us/state:ak/sldu:a
0200B,ocd-division/country:us/state:ak/sldu:b
0200C,ocd-division/country:us/state:ak/sldu:c
0200D,ocd-division/country:us/state:ak/sldu:d
0200E,ocd-division/country:us/state:ak/sldu:e
0200F,ocd-division/country:us/state:ak/sldu:f
0200G,ocd-division/country:us/state:ak/sldu:g
0200H,ocd-division/country:us/state:ak/sldu:h
0200I,ocd-division/country:us/state:ak/sldu:i
0200J,ocd-division/country:us/state:ak/sldu:j
0200K,ocd-division/country:us/state:ak/sldu:k
0200L,ocd-division/country:us/state:ak/sldu:l
0200M,ocd-division/country:us/state:ak/sldu:m
0200N,ocd-division/country:us/state:ak/sldu:n
0200O,ocd-division/country:us/state:ak/sldu:o
0200P,ocd-division/country:us/state:ak/sldu:p
0200Q,ocd-division/country:us/state:ak/sldu:q
0200R,ocd-division/country:us/state:ak/sldu:r
0200S,ocd-division/country:us/state:ak/sldu:s
0200T,ocd-division/country:us/state:ak/sldu:t
04001,ocd-division/country:us/state:az/sldu:1
04002,ocd-division/country:us/state:az/sldu:2
04003,ocd-division/country:us/state:az/sldu:3
04004,ocd-division/country:us/state:az/sldu:4
04005,ocd-division/country:us/state:az/sldu:5
04006,ocd-division/country:us/state:az/sldu:6
04007,ocd-division/country:us/state:az/sldu:7
04008,ocd-division/country:us/state:az/sldu:8
04009,ocd-division/country:us/state:az/sldu:9
04010,ocd-division/country:us/state:az/sldu:10
04011,ocd-division/country:us/state:az/sldu:11
04012,ocd-division/country:us/state:az/sldu:12
04013,ocd-division/country:us/state:az/sldu:13
04014,ocd-division/country:us/state:az/sldu:14
04015,ocd-division/country:us/state:az/sldu:15
04016,ocd-division/country:us/state:az/sldu:16
04017,ocd-division/country:us/state:az/sldu:17
04018,ocd-division/country:us/state:az/sldu:18
04019,ocd-division/country:us/state:az/sldu:19
04020,ocd-division/country:us/state:az/sldu:20
04021,ocd-division/country:us/state:az/sldu:21
04022,ocd-division/country:us/state:az/sldu:22
04023,ocd-division/country:us/state:az/sldu:23
04024,ocd-division/country:us/state:az/sldu:24
04025,ocd-division/country:us/state:az/sldu:25
04026,ocd-division/country:us/state:az/sldu:26
04027,ocd-division/country:us/state:az/sldu:27
04028,ocd-division/country:us/state:az/sldu:28
04029,ocd-division/country:us/state:az/sldu:29
04030,ocd-division/country:us/state:az/sldu:30
05001,ocd-division/country:us/state:ar/sldu:1
05002,ocd-division/country:us/state:ar/sldu:2
05003,ocd-division/country:us/state:ar/sldu:3
05004,ocd-division/country:us/state:ar/sldu:4
05005,ocd-division/country:us/state:ar/sldu:5
05006,ocd-division/country:us/state:ar/sldu:6
05007,ocd-division/country:us/state:ar/sldu:7
05008,ocd-division/country:us/state:ar/sldu:8
05009,ocd-division/country:us/state:ar/sldu:9
05010,ocd-division/country:us/state:ar/sldu:10
05011,ocd-division/country:us/state:ar/sldu:11
05012,ocd-division/country:us/state:ar/sldu:12
05013,ocd-division/country:us/state:ar/sldu:13
05014,ocd-division/country:us/state:ar/sldu:14
05015,ocd-division/country:us/state:ar/sldu:15
05016,ocd-division/country:us/state:ar/sldu:16
05017,ocd-division/country:us/state:ar/sldu:17
05018,ocd-division/country:us/state:ar/sldu:18
05019,ocd-division/country:us/state:ar/sldu:19
05020,ocd-division/country:us/state:ar/sldu:20
05021,ocd-division/country:us/state:ar/sldu:21
05022,ocd-division/country:us/state:ar/sldu:22
05023,ocd-division/country:us/state:ar/sldu:23
05024,ocd-division/country:us/state:ar/sldu:24
05025,ocd-division/country:us/state:ar/sldu:25
05026,ocd-division/country:us/state:ar/sldu:26
05027,ocd-division/country:us/state:ar/sldu:27
05028,ocd-division/country:us/state:ar/sldu:28
05029,ocd-division/country:us/state:ar/sldu:29
05030,ocd-division/country:us/state:ar/sldu:30
05031,ocd-division/country:us/state:ar/sldu:31
05032,ocd-division/country:us/state:ar/sldu:32
05033,ocd-division/country:us/state:ar/sldu:33
05034,ocd-division/country:us/state:ar/sldu:34
05035,ocd-division/country:us/state:ar/sldu:35
06001,ocd-division/country:us/state:ca/sldu:1
06002,ocd-division/country:us/state:ca/sldu:2
06003,ocd-division/country:us/state:ca/sldu:3
06004,ocd-division/country:us/state:ca/sldu:4
06005,ocd-division/country:us/state:ca/sldu:5
06006,ocd-division/country:us/state:ca/sldu:6
06007,ocd-division/country:us/state:ca/sldu:7
06008,ocd-division/country:us/state:ca/sldu:8
06009,ocd-division/country:us/state:ca/sldu:9
06010,ocd-division/country:us/state:ca/sldu:10
06011,ocd-division/country:us/state:ca/sldu:11
06012,ocd-division/country:us/state:ca/sldu:12
06013,ocd-division/country:us/state:ca/sldu:13
06014,ocd-division/country:us/state:ca/sldu:14
06015,ocd-division/country:us/state:ca/sldu:15
06016,ocd-division/country:us/state:ca/sldu:16
06017,ocd-division/country:us/state:ca/sldu:17
06018,ocd-division/country:us/state:ca/sldu:18
06019,ocd-division/country:us/state:ca/sldu:19
06020,ocd-division/country:us/state:ca/sldu:20
06021,ocd-division/country:us/state:ca/sldu:21
06022,ocd-division/country:us/state:ca/sldu:22
06023,ocd-division/country:us/state:ca/sldu:23
06024,ocd-division/country:us/state:ca/sldu:24
06025,ocd-division/country:us/state:ca/sldu:25
06026,ocd-division/country:us/state:ca/sldu:26
06027,ocd-division/country:us/state:ca/sldu:27
06028,ocd-division/country:us/state:ca/sldu:28
06029,ocd-division/country:us/state:ca/sldu:29
06030,ocd-division/country:us/state:ca/sldu:30
06031,ocd-division/country:us/state:ca/sldu:31
06032,ocd-division/country:us/state:ca/sldu:32
06033,ocd-division/country:us/state:ca/sldu:33
06034,ocd-division/country:us/state:ca/sldu:34
06035,ocd-division/country:us/state:ca/sldu:35
06036,ocd-division/country:us/state:ca/sldu:36
06037,ocd-division/country:us/state:ca/sldu:37
06038,ocd-division/country:us/state:ca/sldu:38
06039,ocd-division/country:us/state:ca/sldu:39
06040,ocd-division/country:us/state:ca/sldu:40
08001,ocd-division/country:us/state:co/sldu:1
08002,ocd-division/country:us/state:co/sldu:2
08003,ocd-division/country:us/state:co/sldu:3
08004,ocd-division/country:us/state:co/sldu:4
08005,ocd-division/country:us/state:co/sldu:5
08006,ocd-division/country:us/state:co/sldu:6
08007,ocd-division/country:us/state:co/sldu:7
08008,ocd-division/country:us/state:co/sldu:8
08009,ocd-division/country:us/state:co/sldu:9
08010,ocd-division/country:us/state:co/sldu:10
08011,ocd-division/country:us/state:co/sldu:11
08012,ocd-division/country:us/state:co/sldu:12
08013,ocd-division/country:us/state:co/sldu:13
08014,ocd-division/country:us/state:co/sldu:14
08015,ocd-division/country:us/state:co/sldu:15
08016,ocd-division/country:us/state:co/sldu:16
08017,ocd-division/country:us/state:co/sldu:17
08018,ocd-division/country:us/state:co/sldu:18
08019,ocd-division/country:us/state:co/sldu:19
08020,ocd-division/country:us/state:co/sldu:20
08021,ocd-division/country:us/state:co/sldu:21
08022,ocd-division/country:us/state:co/sldu:22
08023,ocd-division/country:us/state:co/sldu:23
08024,ocd-division/country:us/state:co/sldu:24
08025,ocd-division/country:us/state:co/sldu:25
08026,ocd-division/country:us/state:co/sldu:26
08027,ocd-division/country:us/state:co/sldu:27
08028,ocd-division/country:us/state:co/sldu:28
08029,ocd-division/country:us/state:co/sldu:29
08030,ocd-division/country:us/state:co/sldu:30
08031,ocd-division/country:us/state:co/sldu:31
08032,ocd-division/country:us/state:co/sldu:32
08033,ocd-division/country:us/state:co/sldu:33
08034,ocd-division/country:us/state:co/sldu:34
08035,ocd-division/country:us/state:co/sldu:35
09001,ocd-division/country:us/state:ct/sldu:1
09002,ocd-division/country:us/state:ct/sldu:2
09003,ocd-division/country:us/state:ct/sldu:3
09004,ocd-division/country:us/state:ct/sldu:4
09005,ocd-division/country:us/state:ct/sldu:5
09006,ocd-division/country:us/state:ct/sldu:6
09007,ocd-division/country:us/state:ct/sldu:7
09008,ocd-division/country:us/state:ct/sldu:8
09009,ocd-division/country:us/state:ct/sldu:9
09010,ocd-division/country:us/state:ct/sldu:10
09011,ocd-division/country:us/state:ct/sldu:11
09012,ocd-division/country:us/state:ct/sldu:12
09013,ocd-division/country:us/state:ct/sldu:13
09014,ocd-division/country:us/state:ct/sldu:14
09015,ocd-division/country:us/state:ct/sldu:15
09016,ocd-division/country:us/state:ct/sldu:16
09017,ocd-division/country:us/state:ct/sldu:17
09018,ocd-division/country:us/state:ct/sldu:18
09019,ocd-division/country:us/state:ct/sldu:19
09020,ocd-division/country:us/state:ct/sldu:20
09021,ocd-division/country:us/state:ct/sldu:21
09022,ocd-division/country:us/state:ct/sldu:22
09023,ocd-division/country:us/state:ct/sldu:23
09024,ocd-division/country:us/state:ct/sldu:24
09025,ocd-division/country:us/state:ct/sldu:25
09026,ocd-division/country:us/state:ct/sldu:26
09027,ocd-division/country:us/state:ct/sldu:27
09028,ocd-division/country:us/state:ct/sldu:28
09029,ocd-division/country:us/state:ct/sldu:29
09030,ocd-division/country:us/state:ct/sldu:30
09031,ocd-division/country:us/state:ct/sldu:31
09032,ocd-division/country:us/state:ct/sldu:32
09033,ocd-division/country:us/state:ct/sldu:33
09034,ocd-division/country:us/state:ct/sldu:34
09035,ocd-division/country:us/state:ct/sldu:35
09036,ocd-division/country:us/state:ct/sldu:36
10001,ocd-division/country:us/state:de/sldu:1
10002,ocd-division/country:us/state:de/sldu:2
10003,ocd-division/country:us/state:de/sldu:3
10004,ocd-division/country:us/state:de/sldu:4
10005,ocd-division/country:us/state:de/sldu:5
10006,ocd-division/country:us/state:de/sldu:6
10007,ocd-division/country:us/state:de/sldu:7
10008,ocd-division/country:us/state:de/sldu:8
10009,ocd-division/country:us/state:de/sldu:9
10010,ocd-division/country:us/state:de/sldu:10
10011,ocd-division/country:us/state:de/sldu:11
10012,ocd-division/country:us/state:de/sldu:12
10013,ocd-division/country:us/state:de/sldu:13
10014,ocd-division/country:us/state:de/sldu:14
10015,ocd-division/country:us/state:de/sldu:15
10016,ocd-division/country:us/state:de/sldu:16
10017,ocd-division/country:us/state:de/sldu:17
10018,ocd-division/country:us/state:de/sldu:18
10019,ocd-division/country:us/state:de/sldu:19
10020,ocd-division/country:us/state:de/sldu:20
10021,ocd-division/country:us/state:de/sldu:21
11001,ocd-division/country:us/district:dc/ward:1
11002,ocd-division/country:us/district:dc/ward:2
11003,ocd-division/country:us/district:dc/ward:3
11004,ocd-division/country:us/district:dc/ward:4
11005,ocd-division/country:us/district:dc/ward:5
11006,ocd-division/country:us/district:dc/ward:6
11007,ocd-division/country:us/district:dc/ward:7
11008,ocd-division/country:us/district:dc/ward:8
12001,ocd-division/country:us/state:fl/sldu:1
12002,ocd-division/country:us/state:fl/sldu:2
12003,ocd-division/country:us/state:fl/sldu:3
12004,ocd-division/country:us/state:fl/sldu:4
12005,ocd-division/country:us/state:fl/sldu:5
12006,ocd-division/country:us/state:fl/sldu:6
12007,ocd-division/country:us/state:fl/sldu:7
12008,ocd-division/country:us/state:fl/sldu:8
12009,ocd-division/country:us/state:fl/sldu:9
12010,ocd-division/country:us/state:fl/sldu:10
12011,ocd-division/country:us/state:fl/sldu:11
12012,ocd-division/country:us/state:fl/sldu:12
12013,ocd-division/country:us/state:fl/sldu:13
12014,ocd-division/country:us/state:fl/sldu:14
12015,ocd-division/country:us/state:fl/sldu:15
12016,ocd-division/country:us/state:fl/sldu:16
12017,ocd-division/country:us/state:fl/sldu:17
12018,ocd-division/country:us/state:fl/sldu:18
12019,ocd-division/country:us/state:fl/sldu:19
12020,ocd-division/country:us/state:fl/sldu:20
12021,ocd-division/country:us/state:fl/sldu:21
12022,ocd-division/country:us/state:fl/sldu:22
12023,ocd-division/country:us/state:fl/sldu:23
12024,ocd-division/country:us/state:fl/sldu:24
12025,ocd-division/country:us/state:fl/sldu:25
12026,ocd-division/country:us/state:fl/sldu:26
12027,ocd-division/country:us/state:fl/sldu:27
12028,ocd-division/country:us/state:fl/sldu:28
12029,ocd-division/country:us/state:fl/sldu:29
12030,ocd-division/country:us/state:fl/sldu:30
12031,ocd-division/country:us/state:fl/sldu:31
12032,ocd-division/country:us/state:fl/sldu:32
12033,ocd-division/country:us/state:fl/sldu:33
12034,ocd-division/country:us/state:fl/sldu:34
12035,ocd-division/country:us/state:fl/sldu:35
12036,ocd-division/country:us/state:fl/sldu:36
12037,ocd-division/country:us/state:fl/sldu:37
12038,ocd-division/country:us/state:fl/sldu:38
12039,ocd-division/country:us/state:fl/sldu:39
12040,ocd-division/country:us/state:fl/sldu:40
13001,ocd-division/country:us/state:ga/sldu:1
13002,ocd-division/country:us/state:ga/sldu:2
13003,ocd-division/country:us/state:ga/sldu:3
13004,ocd-division/country:us/state:ga/sldu:4
13005,ocd-division/country:us/state:ga/sldu:5
13006,ocd-division/country:us/state:ga/sldu:6
13007,ocd-division/country:us/state:ga/sldu:7
13008,ocd-division/country:us/state:ga/sldu:8
13009,ocd-division/country:us/state:ga/sldu:9
13010,ocd-division/country:us/state:ga/sldu:10
13011,ocd-division/country:us/state:ga/sldu:11
13012,ocd-division/country:us/state:ga/sldu:12
13013,ocd-division/country:us/state:ga/sldu:13
13014,ocd-division/country:us/state:ga/sldu:14
13015,ocd-division/country:us/state:ga/sldu:15
13016,ocd-division/country:us/state:ga/sldu:16
13017,ocd-division/country:us/state:ga/sldu:17
13018,ocd-division/country:us/state:ga/sldu:18
13019,ocd-division/country:us/state:ga/sldu:19
13020,ocd-division/country:us/state:ga/sldu:20
13021,ocd-division/country:us/state:ga/sldu:21
13022,ocd-division/country:us/state:ga/sldu:22
13023,ocd-division/country:us/state:ga/sldu:23
13024,ocd-division/country:us/state:ga/sldu:24
13025,ocd-division/country:us/state:ga/sldu:25
13026,ocd-division/country:us/state:ga/sldu:26
13027,ocd-division/country:us/state:ga/sldu:27
13028,ocd-division/country:us/state:ga/sldu:28
13029,ocd-division/country:us/state:ga/sldu:29
13030,ocd-division/country:us/state:ga/sldu:30
13031,ocd-division/country:us/state:ga/sldu:31
13032,ocd-division/country:us/state:ga/sldu:32
13033,ocd-division/country:us/state:ga/sldu:33
13034,ocd-division/country:us/state:ga/sldu:34
13035,ocd-division/country:us/state:ga/sldu:35
13036,ocd-division/country:us/state:ga/sldu:36
13037,ocd-division/country:us/state:ga/sldu:37
13038,ocd-division/country:us/state:ga/sldu:38
13039,ocd-division/country:us/state:ga/sldu:39
13040,ocd-division/country:us/state:ga/sldu:40
13041,ocd-division/country:us/state:ga/sldu:41
13042,ocd-division/country:us/state:ga/sldu:42
13043,ocd-division/country:us/state:ga/sldu:43
13044,ocd-division/country:us/state:ga/sldu:44
13045,ocd-division/country:us/state:ga/sldu:45
13046,ocd-division/country:us/state:ga/sldu:46
13047,ocd-division/country:us/state:ga/sldu:47
13048,ocd-division/country:us/state:ga/sldu:48
13049,ocd-division/country:us/state:ga/sldu:49
13050,ocd-division/country:us/state:ga/sldu:50
13051,ocd-division/country:us/state:ga/sldu:51
13052,ocd-division/country:us/state:ga/sldu:52
13053,ocd-division/country:us/state:ga/sldu:53
13054,ocd-division/country:us/state:ga/sldu:54
13055,ocd-division/country:us/state:ga/sldu:55
13056,ocd-division/country:us/state:ga/sldu:56
15001,ocd-division/country:us/state:hi/sldu:1
15002,ocd-division/country:us/state:hi/sldu:2
15003,ocd-division/country:us/state:hi/sldu:3
15004,ocd-division/country:us/state:hi/sldu:4
15005,ocd-division/country:us/state:hi/sldu:5
15006,ocd-division/country:us/state:hi/sldu:6
15007,ocd-division/country:us/state:hi/sldu:7
15008,ocd-division/country:us/state:hi/sldu:8
15009,ocd-division/country:us/state:hi/sldu:9
15010,ocd-division/country:us/state:hi/sldu:10
15011,ocd-division/country:us/state:hi/sldu:11
15012,ocd-division/country:us/state:hi/sldu:12
15013,ocd-division/country:us/state:hi/sldu:13
15014,ocd-division/country:us/state:hi/sldu:14
15015,ocd-division/country:us/state:hi/sldu:15
15016,ocd-division/country:us/state:hi/sldu:16
15017,ocd-division/country:us/state:hi/sldu:17
15018,ocd-division/country:us/state:hi/sldu:18
15019,ocd-division/country:us/state:hi/sldu:19
15020,ocd-division/country:us/state:hi/sldu:20
15021,ocd-division/country:us/state:hi/sldu:21
15022,ocd-division/country:us/state:hi/sldu:22
15023,ocd-division/country:us/state:hi/sldu:23
15024,ocd-division/country:us/state:hi/sldu:24
15025,ocd-division/country:us/state:hi/sldu:25
16001,ocd-division/country:us/state:id/sldu:1
16002,ocd-division/country:us/state:id/sldu:2
16003,ocd-division/country:us/state:id/sldu:3
16004,ocd-division/country:us/state:id/sldu:4
16005,ocd-division/country:us/state:id/sldu:5
16006,ocd-division/country:us/state:id/sldu:6
16007,ocd-division/country:us/state:id/sldu:7
16008,ocd-division/country:us/state:id/sldu:8
16009,ocd-division/country:us/state:id/sldu:9
16010,ocd-division/country:us/state:id/sldu:10
16011,ocd-division/country:us/state:id/sldu:11
16012,ocd-division/country:us/state:id/sldu:12
16013,ocd-division/country:us/state:id/sldu:13
16014,ocd-division/country:us/state:id/sldu:14
16015,ocd-division/country:us/state:id/sldu:15
16016,ocd-division/country:us/state:id/sldu:16
16017,ocd-division/country:us/state:id/sldu:17
16018,ocd-division/country:us/state:id/sldu:18
16019,ocd-division/country:us/state:id/sldu:19
16020,ocd-division/country:us/state:id/sldu:20
16021,ocd-division/country:us/state:id/sldu:21
16022,ocd-division/country:us/state:id/sldu:22
16023,ocd-division/country:us/state:id/sldu:23
16024,ocd-division/country:us/state:id/sldu:24
16025,ocd-division/country:us/state:id/sldu:25
16026,ocd-division/country:us/state:id/sldu:26
16027,ocd-division/country:us/state:id/sldu:27
16028,ocd-division/country:us/state:id/sldu:28
16029,ocd-division/country:us/state:id/sldu:29
16030,ocd-division/country:us/state:id/sldu:30
16031,ocd-division/country:us/state:id/sldu:31
16032,ocd-division/country:us/state:id/sldu:32
16033,ocd-division/country:us/state:id/sldu:33
16034,ocd-division/country:us/state:id/sldu:34
16035,ocd-division/country:us/state:id/sldu:35
17001,ocd-division/country:us/state:il/sldu:1
17002,ocd-division/country:us/state:il/sldu:2
17003,ocd-division/country:us/state:il/sldu:3
17004,ocd-division/country:us/state:il/sldu:4
17005,ocd-division/country:us/state:il/sldu:5
17006,ocd-division/country:us/state:il/sldu:6
17007,ocd-division/country:us/state:il/sldu:7
17008,ocd-division/country:us/state:il/sldu:8
17009,ocd-division/country:us/state:il/sldu:9
17010,ocd-division/country:us/state:il/sldu:10
17011,ocd-division/country:us/state:il/sldu:11
17012,ocd-division/country:us/state:il/sldu:12
17013,ocd-division/country:us/state:il/sldu:13
17014,ocd-division/country:us/state:il/sldu:14
17015,ocd-division/country:us/state:il/sldu:15
17016,ocd-division/country:us/state:il/sldu:16
17017,ocd-division/country:us/state:il/sldu:17
17018,ocd-division/country:us/state:il/sldu:18
17019,ocd-division/country:us/state:il/sldu:19
17020,ocd-division/country:us/state:il/sldu:20
17021,ocd-division/country:us/state:il/sldu:21
17022,ocd-division/country:us/state:il/sldu:22
17023,ocd-division/country:us/state:il/sldu:23
17024,ocd-division/country:us/state:il/sldu:24
17025,ocd-division/country:us/state:il/sldu:25
17026,ocd-division/country:us/state:il/sldu:26
17027,ocd-division/country:us/state:il/sldu:27
17028,ocd-division/country:us/state:il/sldu:28
17029,ocd-division/country:us/state:il/sldu:29
17030,ocd-division/country:us/state:il/sldu:30
17031,ocd-division/country:us/state:il/sldu:31
17032,ocd-division/country:us/state:il/sldu:32
17033,ocd-division/country:us/state:il/sldu:33
17034,ocd-division/country:us/state:il/sldu:34
17035,ocd-division/country:us/state:il/sldu:35
17036,ocd-division/country:us/state:il/sldu:36
17037,ocd-division/country:us/state:il/sldu:37
17038,ocd-division/country:us/state:il/sldu:38
17039,ocd-division/country:us/state:il/sldu:39
17040,ocd-division/country:us/state:il/sldu:40
17041,ocd-division/country:us/state:il/sldu:41
17042,ocd-division/country:us/state:il/sldu:42
17043,ocd-division/country:us/state:il/sldu:43
17044,ocd-division/country:us/state:il/sldu:44
17045,ocd-division/country:us/state:il/sldu:45
17046,ocd-division/country:us/state:il/sldu:46
17047,ocd-division/country:us/state:il/sldu:47
17048,ocd-division/country:us/state:il/sldu:48
17049,ocd-division/country:us/state:il/sldu:49
17050,ocd-division/country:us/state:il/sldu:50
17051,ocd-division/country:us/state:il/sldu:51
17052,ocd-division/country:us/state:il/sldu:52
17053,ocd-division/country:us/state:il/sldu:53
17054,ocd-division/country:us/state:il/sldu:54
17055,ocd-division/country:us/state:il/sldu:55
17056,ocd-division/country:us/state:il/sldu:56
17057,ocd-division/country:us/state:il/sldu:57
17058,ocd-division/country:us/state:il/sldu:58
17059,ocd-division/country:us/state:il/sldu:59
18001,ocd-division/country:us/state:in/sldu:1
18002,ocd-division/country:us/state:in/sldu:2
18003,ocd-division/country:us/state:in/sldu:3
18004,ocd-division/country:us/state:in/sldu:4
18005,ocd-division/country:us/state:in/sldu:5
18006,ocd-division/country:us/state:in/sldu:6
18007,ocd-division/country:us/state:in/sldu:7
18008,ocd-division/country:us/state:in/sldu:8
18009,ocd-division/country:us/state:in/sldu:9
18010,ocd-division/country:us/state:in/sldu:10
18011,ocd-division/country:us/state:in/sldu:11
18012,ocd-division/country:us/state:in/sldu:12
18013,ocd-division/country:us/state:in/sldu:13
18014,ocd-division/country:us/state:in/sldu:14
18015,ocd-division/country:us/state:in/sldu:15
18016,ocd-division/country:us/state:in/sldu:16
18017,ocd-division/country:us/state:in/sldu:17
18018,ocd-division/country:us/state:in/sldu:18
18019,ocd-division/country:us/state:in/sldu:19
18020,ocd-division/country:us/state:in/sldu:20
18021,ocd-division/country:us/state:in/sldu:21
18022,ocd-division/country:us/state:in/sldu:22
18023,ocd-division/country:us/state:in/sldu:23
18024,ocd-division/country:us/state:in/sldu:24
18025,ocd-division/country:us/state:in/sldu:25
18026,ocd-division/country:us/state:in/sldu:26
18027,ocd-division/country:us/state:in/sldu:27
18028,ocd-division/country:us/state:in/sldu:28
18029,ocd-division/country:us/state:in/sldu:29
18030,ocd-division/country:us/state:in/sldu:30
18031,ocd-division/country:us/state:in/sldu:31
18032,ocd-division/country:us/state:in/sldu:32
18033,ocd-division/country:us/state:in/sldu:33
18034,ocd-division/country:us/state:in/sldu:34
18035,ocd-division/country:us/state:in/sldu:35
18036,ocd-division/country:us/state:in/sldu:36
18037,ocd-division/country:us/state:in/sldu:37
18038,ocd-division/country:us/state:in/sldu:38
18039,ocd-division/country:us/state:in/sldu:39
18040,ocd-division/country:us/state:in/sldu:40
18041,ocd-division/country:us/state:in/sldu:41
18042,ocd-division/country:us/state:in/sldu:42
18043,ocd-division/country:us/state:in/sldu:43
18044,ocd-division/country:us/state:in/sldu:44
18045,ocd-division/country:us/state:in/sldu:45
18046,ocd-division/country:us/state:in/sldu:46
18047,ocd-division/country:us/state:in/sldu:47
18048,ocd-division/country:us/state:in/sldu:48
18049,ocd-division/country:us/state:in/sldu:49
18050,ocd-division/country:us/state:in/sldu:50
19001,ocd-division/country:us/state:ia/sldu:1
19002,ocd-division/country:us/state:ia/sldu:2
19003,ocd-division/country:us/state:ia/sldu:3
19004,ocd-division/country:us/state:ia/sldu:4
19005,ocd-division/country:us/state:ia/sldu:5
19006,ocd-division/country:us/state:ia/sldu:6
19007,ocd-division/country:us/state:ia/sldu:7
19008,ocd-division/country:us/state:ia/sldu:8
19009,ocd-division/country:us/state:ia/sldu:9
19010,ocd-division/country:us/state:ia/sldu:10
19011,ocd-division/country:us/state:ia/sldu:11
19012,ocd-division/country:us/state:ia/sldu:12
19013,ocd-division/country:us/state:ia/sldu:13
19014,ocd-division/country:us/state:ia/sldu:14
19015,ocd-division/country:us/state:ia/sldu:15
19016,ocd-division/country:us/state:ia/sldu:16
19017,ocd-division/country:us/state:ia/sldu:17
19018,ocd-division/country:us/state:ia/sldu:18
19019,ocd-division/country:us/state:ia/sldu:19
19020,ocd-division/country:us/state:ia/sldu:20
19021,ocd-division/country:us/state:ia/sldu:21
19022,ocd-division/country:us/state:ia/sldu:22
19023,ocd-division/country:us/state:ia/sldu:23
19024,ocd-division/country:us/state:ia/sldu:24
19025,ocd-division/country:us/state:ia/sldu:25
19026,ocd-division/country:us/state:ia/sldu:26
19027,ocd-division/country:us/state:ia/sldu:27
19028,ocd-division/country:us/state:ia/sldu:28
19029,ocd-division/country:us/state:ia/sldu:29
19030,ocd-division/country:us/state:ia/sldu:30
19031,ocd-division/country:us/state:ia/sldu:31
19032,ocd-division/country:us/state:ia/sldu:32
19033,ocd-division/country:us/state:ia/sldu:33
19034,ocd-division/country:us/state:ia/sldu:34
19035,ocd-division/country:us/state:ia/sldu:35
19036,ocd-division/country:us/state:ia/sldu:36
19037,ocd-division/country:us/state:ia/sldu:37
19038,ocd-division/country:us/state:ia/sldu:38
19039,ocd-division/country:us/state:ia/sldu:39
19040,ocd-division/country:us/state:ia/sldu:40
19041,ocd-division/country:us/state:ia/sldu:41
19042,ocd-division/country:us/state:ia/sldu:42
19043,ocd-division/country:us/state:ia/sldu:43
19044,ocd-division/country:us/state:ia/sldu:44
19045,ocd-division/country:us/state:ia/sldu:45
19046,ocd-division/country:us/state:ia/sldu:46
19047,ocd-division/country:us/state:ia/sldu:47
19048,ocd-division/country:us/state:ia/sldu:48
19049,ocd-division/country:us/state:ia/sldu:49
19050,ocd-division/country:us/state:ia/sldu:50
20001,ocd-division/country:us/state:ks/sldu:1
20002,ocd-division/country:us/state:ks/sldu:2
20003,ocd-division/country:us/state:ks/sldu:3
20004,ocd-division/country:us/state:ks/sldu:4
20005,ocd-division/country:us/state:ks/sldu:5
20006,ocd-division/country:us/state:ks/sldu:6
20007,ocd-division/country:us/state:ks/sldu:7
20008,ocd-division/country:us/state:ks/sldu:8
20009,ocd-division/country:us/state:ks/sldu:9
20010,ocd-division/country:us/state:ks/sldu:10
20011,ocd-division/country:us/state:ks/sldu:11
20012,ocd-division/country:us/state:ks/sldu:12
20013,ocd-division/country:us/state:ks/sldu:13
20014,ocd-division/country:us/state:ks/sldu:14
20015,ocd-division/country:us/state:ks/sldu:15
20016,ocd-division/country:us/state:ks/sldu:16
20017,ocd-division/country:us/state:ks/sldu:17
20018,ocd-division/country:us/state:ks/sldu:18
20019,ocd-division/country:us/state:ks/sldu:19
20020,ocd-division/country:us/state:ks/sldu:20
20021,ocd-division/country:us/state:ks/sldu:21
20022,ocd-division/country:us/state:ks/sldu:22
20023,ocd-division/country:us/state:ks/sldu:23
20024,ocd-division/country:us/state:ks/sldu:24
20025,ocd-division/country:us/state:ks/sldu:25
20026,ocd-division/country:us/state:ks/sldu:26
20027,ocd-division/country:us/state:ks/sldu:27
20028,ocd-division/country:us/state:ks/sldu:28
20029,ocd-division/country:us/state:ks/sldu:29
20030,ocd-division/country:us/state:ks/sldu:30
20031,ocd-division/country:us/state:ks/sldu:31
20032,ocd-division/country:us/state:ks/sldu:32
20033,ocd-division/country:us/state:ks/sldu:33
20034,ocd-division/country:us/state:ks/sldu:34
20035,ocd-division/country:us/state:ks/sldu:35
20036,ocd-division/country:us/state:ks/sldu:36
20037,ocd-division/country:us/state:ks/sldu:37
20038,ocd-division/country:us/state:ks/sldu:38
20039,ocd-division/country:us/state:ks/sldu:39
20040,ocd-division/country:us/state:ks/sldu:40
21001,ocd-division/country:us/state:ky/sldu:1
21002,ocd-division/country:us/state:ky/sldu:2
21003,ocd-division/country:us/state:ky/sldu:3
21004,ocd-division/country:us/state:ky/sldu:4
21005,ocd-division/country:us/state:ky/sldu:5
21006,ocd-division/country:us/state:ky/sldu:6
21007,ocd-division/country:us/state:ky/sldu:7
21008,ocd-division/country:us/state:ky/sldu:8
21009,ocd-division/country:us/state:ky/sldu:9
21010,ocd-division/country:us/state:ky/sldu:10
21011,ocd-division/country:us/state:ky/sldu:11
21012,ocd-division/country:us/state:ky/sldu:12
21013,ocd-division/country:us/state:ky/sldu:13
21014,ocd-division/country:us/state:ky/sldu:14
21015,ocd-division/country:us/state:ky/sldu:15
21016,ocd-division/country:us/state:ky/sldu:16
21017,ocd-division/country:us/state:ky/sldu:17
21018,ocd-division/country:us/state:ky/sldu:18
21019,ocd-division/country:us/state:ky/sldu:19
21020,ocd-division/country:us/state:ky/sldu:20
21021,ocd-division/country:us/state:ky/sldu:21
21022,ocd-division/country:us/state:ky/sldu:22
21023,ocd-division/country:us/state:ky/sldu:23
21024,ocd-division/country:us/state:ky/sldu:24
21025,ocd-division/country:us/state:ky/sldu:25
21026,ocd-division/country:us/state:ky/sldu:26
21027,ocd-division/country:us/state:ky/sldu:27
21028,ocd-division/country:us/state:ky/sldu:28
21029,ocd-division/country:us/state:ky/sldu:29
21030,ocd-division/country:us/state:ky/sldu:30
21031,ocd-division/country:us/state:ky/sldu:31
21032,ocd-division/country:us/state:ky/sldu:32
21033,ocd-division/country:us/state:ky/sldu:33
21034,ocd-division/country:us/state:ky/sldu:34
21035,ocd-division/country:us/state:ky/sldu:35
21036,ocd-division/country:us/state:ky/sldu:36
21037,ocd-division/country:us/state:ky/sldu:37
21038,ocd-division/country:us/state:ky/sldu:38
22001,ocd-division/country:us/state:la/sldu:1
22002,ocd-division/country:us/state:la/sldu:2
22003,ocd-division/country:us/state:la/sldu:3
22004,ocd-division/country:us/state:la/sldu:4
22005,ocd-division/country:us/state:la/sldu:5
22006,ocd-division/country:us/state:la/sldu:6
22007,ocd-division/country:us/state:la/sldu:7
22008,ocd-division/country:us/state:la/sldu:8
22009,ocd-division/country:us/state:la/sldu:9
22010,ocd-division/country:us/state:la/sldu:10
22011,ocd-division/country:us/state:la/sldu:11
22012,ocd-division/country:us/state:la/sldu:12
22013,ocd-division/country:us/state:la/sldu:13
22014,ocd-division/country:us/state:la/sldu:14
22015,ocd-division/country:us/state:la/sldu:15
22016,ocd-division/country:us/state:la/sldu:16
22017,ocd-division/country:us/state:la/sldu:17
22018,ocd-division/country:us/state:la/sldu:18
22019,ocd-division/country:us/state:la/sldu:19
22020,ocd-division/country:us/state:la/sldu:20
22021,ocd-division/country:us/state:la/sldu:21
22022,ocd-division/country:us/state:la/sldu:22
22023,ocd-division/country:us/state:la/sldu:23
22024,ocd-division/country:us/state:la/sldu:24
22025,ocd-division/country:us/state:la/sldu:25
22026,ocd-division/country:us/state:la/sldu:26
22027,ocd-division/country:us/state:la/sldu:27
22028,ocd-division/country:us/state:la/sldu:28
22029,ocd-division/country:us/state:la/sldu:29
22030,ocd-division/country:us/state:la/sldu:30
22031,ocd-division/country:us/state:la/sldu:31
22032,ocd-division/country:us/state:la/sldu:32
22033,ocd-division/country:us/state:la/sldu:33
22034,ocd-division/country:us/state:la/sldu:34
22035,ocd-division/country:us/state:la/sldu:35
22036,ocd-division/country:us/state:la/sldu:36
22037,ocd-division/country:us/state:la/sldu:37
22038,ocd-division/country:us/state:la/sldu:38
22039,ocd-division/country:us/state:la/sldu:39
23001,ocd-division/country:us/state:me/sldu:1
23002,ocd-division/country:us/state:me/sldu:2
23003,ocd-division/country:us/state:me/sldu:3
23004,ocd-division/country:us/state:me/sldu:4
23005,ocd-division/country:us/state:me/sldu:5
23006,ocd-division/country:us/state:me/sldu:6
23007,ocd-division/country:us/state:me/sldu:7
23008,ocd-division/country:us/state:me/sldu:8
23009,ocd-division/country:us/state:me/sldu:9
23010,ocd-division/country:us/state:me/sldu:10
23011,ocd-division/country:us/state:me/sldu:11
23012,ocd-division/country:us/state:me/sldu:12
23013,ocd-division/country:us/state:me/sldu:13
23014,ocd-division/country:us/state:me/sldu:14
23015,ocd-division/country:us/state:me/sldu:15
23016,ocd-division/country:us/state:me/sldu:16
23017,ocd-division/country:us/state:me/sldu:17
23018,ocd-division/country:us/state:me/sldu:18
23019,ocd-division/country:us/state:me/sldu:19
23020,ocd-division/country:us/state:me/sldu:20
23021,ocd-division/country:us/state:me/sldu:21
23022,ocd-division/country:us/state:me/sldu:22
23023,ocd-division/country:us/state:me/sldu:23
23024,ocd-division/country:us/state:me/sldu:24
23025,ocd-division/country:us/state:me/sldu:25
23026,ocd-division/country:us/state:me/sldu:26
23027,ocd-division/country:us/state:me/sldu:27
23028,ocd-division/country:us/state:me/sldu:28
23029,ocd-division/country:us/state:me/sldu:29
23030,ocd-division/country:us/state:me/sldu:30
23031,ocd-division/country:us/state:me/sldu:31
23032,ocd-division/country:us/state:me/sldu:32
23033,ocd-division/country:us/state:me/sldu:33
23034,ocd-division/country:us/state:me/sldu:34
23035,ocd-division/country:us/state:me/sldu:35
24001,ocd-division/country:us/state:md/sldu:1
24002,ocd-division/country:us/state:md/sldu:2
24003,ocd-division/country:us/state:md/sldu:3
24004,ocd-division/country:us/state:md/sldu:4
24005,ocd-division/country:us/state:md/sldu:5
24006,ocd-division/country:us/state:md/sldu:6
24007,ocd-division/country:us/state:md/sldu:7
24008,ocd-division/country:us/state:md/sldu:8
24009,ocd-division/country:us/state:md/sldu:9
24010,ocd-division/country:us/state:md/sldu:10
24011,ocd-division/country:us/state:md/sldu:11
24012,ocd-division/country:us/state:md/sldu:12
24013,ocd-division/country:us/state:md/sldu:13
24014,ocd-division/country:us/state:md/sldu:14
24015,ocd-division/country:us/state:md/sldu:15
24016,ocd-division/country:us/state:md/sldu:16
24017,ocd-division/country:us/state:md/sldu:17
24018,ocd-division/country:us/state:md/sldu:18
24019,ocd-division/country:us/state:md/sldu:19
24020,ocd-division/country:us/state:md/sldu:20
24021,ocd-division/country:us/state:md/sldu:21
24022,ocd-division/country:us/state:md/sldu:22
24023,ocd-division/country:us/state:md/sldu:23
24024,ocd-division/country:us/state:md/sldu:24
24025,ocd-division/country:us/state:md/sldu:25
24026,ocd-division/country:us/state:md/sldu:26
24027,ocd-division/country:us/state:md/sldu:27
24028,ocd-division/country:us/state:md/sldu:28
24029,ocd-division/country:us/state:md/sldu:29
24030,ocd-division/country:us/state:md/sldu:30
24031,ocd-division/country:us/state:md/sldu:31
24032,ocd-division/country:us/state:md/sldu:32
24033,ocd-division/country:us/state:md/sldu:33
24034,ocd-division/country:us/state:md/sldu:34
24035,ocd-division/country:us/state:md/sldu:35
24036,ocd-division/country:us/state:md/sldu:36
24037,ocd-division/country:us/state:md/sldu:37
24038,ocd-division/country:us/state:md/sldu:38
24039,ocd-division/country:us/state:md/sldu:39
24040,ocd-division/country:us/state:md/sldu:40
24041,ocd-division/country:us/state:md/sldu:41
24042,ocd-division/country:us/state:md/sldu:42
24043,ocd-division/country:us/state:md/sldu:43
24044,ocd-division/country:us/state:md/sldu:44
24045,ocd-division/country:us/state:md/sldu:45
24046,ocd-division/country:us/state:md/sldu:46
24047,ocd-division/country:us/state:md/sldu:47
25001,ocd-division/country:us/state:ma/sldu:1st_suffolk
25002,ocd-division/country:us/state:ma/sldu:2nd_suffolk
25003,ocd-division/country:us/state:ma/sldu:hampden
25004,ocd-division/country:us/state:ma/sldu:berkshire_hampshire_franklin_and_hampden
25005,ocd-division/country:us/state:ma/sldu:2nd_hampden_and_hampshire
25006,ocd-division/country:us/state:ma/sldu:hampshire_franklin_and_worcester
25007,ocd-division/country:us/state:ma/sldu:1st_hampden_and_hampshire
25008,ocd-division/country:us/state:ma/sldu:worcester_hampden_hampshire_and_middlesex
25009,ocd-division/country:us/state:ma/sldu:worcester_and_middlesex
25010,ocd-division/country:us/state:ma/sldu:1st_worcester
25011,ocd-division/country:us/state:ma/sldu:2nd_worcester
25012,ocd-division/country:us/state:ma/sldu:worcester_and_norfolk
25013,ocd-division/country:us/state:ma/sldu:1st_middlesex
25014,ocd-division/country:us/state:ma/sldu:middlesex_and_worcester
25015,ocd-division/country:us/state:ma/sldu:2nd_middlesex_and_norfolk
25016,ocd-division/country:us/state:ma/sldu:3rd_middlesex
25017,ocd-division/country:us/state:ma/sldu:norfolk_bristol_and_middlesex
25018,ocd-division/country:us/state:ma/sldu:2nd_essex_and_middlesex
25019,ocd-division/country:us/state:ma/sldu:1st_essex
25020,ocd-division/country:us/state:ma/sldu:1st_essex_and_middlesex
25021,ocd-division/country:us/state:ma/sldu:2nd_essex
25022,ocd-division/country:us/state:ma/sldu:3rd_essex
25023,ocd-division/country:us/state:ma/sldu:5th_middlesex
25024,ocd-division/country:us/state:ma/sldu:4th_middlesex
25025,ocd-division/country:us/state:ma/sldu:2nd_middlesex
25026,ocd-division/country:us/state:ma/sldu:middlesex_and_suffolk
25027,ocd-division/country:us/state:ma/sldu:1st_suffolk_and_middlesex
25028,ocd-division/country:us/state:ma/sldu:2nd_suffolk_and_middlesex
25029,ocd-division/country:us/state:ma/sldu:1st_middlesex_and_norfolk
25030,ocd-division/country:us/state:ma/sldu:norfolk_and_suffolk
25031,ocd-division/country:us/state:ma/sldu:bristol_and_norfolk
25032,ocd-division/country:us/state:ma/sldu:norfolk_bristol_and_plymouth
25033,ocd-division/country:us/state:ma/sldu:norfolk_and_plymouth
25034,ocd-division/country:us/state:ma/sldu:plymouth_and_norfolk
25035,ocd-division/country:us/state:ma/sldu:2nd_plymouth_and_bristol
25036,ocd-division/country:us/state:ma/sldu:1st_plymouth_and_bristol
25037,ocd-division/country:us/state:ma/sldu:1st_bristol_and_plymouth
25038,ocd-division/country:us/state:ma/sldu:2nd_bristol_and_plymouth
25039,ocd-division/country:us/state:ma/sldu:plymouth_and_barnstable
25040,ocd-division/country:us/state:ma/sldu:cape_and_islands
26001,ocd-division/country:us/state:mi/sldu:1
26002,ocd-division/country:us/state:mi/sldu:2
26003,ocd-division/country:us/state:mi/sldu:3
26004,ocd-division/country:us/state:mi/sldu:4
26005,ocd-division/country:us/state:mi/sldu:5
26006,ocd-division/country:us/state:mi/sldu:6
26007,ocd-division/country:us/state:mi/sldu:7
26008,ocd-division/country:us/state:mi/sldu:8
26009,ocd-division/country:us/state:mi/sldu:9
26010,ocd-division/country:us/state:mi/sldu:10
26011,ocd-division/country:us/state:mi/sldu:11
26012,ocd-division/country:us/state:mi/sldu:12
26013,ocd-division/country:us/state:mi/sldu:13
26014,ocd-division/country:us/state:mi/sldu:14
26015,ocd-division/country:us/state:mi/sldu:15
26016,ocd-division/country:us/state:mi/sldu:16
26017,ocd-division/country:us/state:mi/sldu:17
26018,ocd-division/country:us/state:mi/sldu:18
26019,ocd-division/country:us/state:mi/sldu:19
26020,ocd-division/country:us/state:mi/sldu:20
26021,ocd-division/country:us/state:mi/sldu:21
26022,ocd-division/country:us/state:mi/sldu:22
26023,ocd-division/country:us/state:mi/sldu:23
26024,ocd-division/country:us/state:mi/sldu:24
26025,ocd-division/country:us/state:mi/sldu:25
26026,ocd-division/country:us/state:mi/sldu:26
26027,ocd-division/country:us/state:mi/sldu:27
26028,ocd-division/country:us/state:mi/sldu:28
26029,ocd-division/country:us/state:mi/sldu:29
26030,ocd-division/country:us/state:mi/sldu:30
26031,ocd-division/country:us/state:mi/sldu:31
26032,ocd-division/country:us/state:mi/sldu:32
26033,ocd-division/country:us/state:mi/sldu:33
26034,ocd-division/country:us/state:mi/sldu:34
26035,ocd-division/country:us/state:mi/sldu:35
26036,ocd-division/country:us/state:mi/sldu:36
26037,ocd-division/country:us/state:mi/sldu:37
26038,ocd-division/country:us/state:mi/sldu:38
27001,ocd-division/country:us/state:mn/sldu:1
27002,ocd-division/country:us/state:mn/sldu:2
27003,ocd-division/country:us/state:mn/sldu:3
27004,ocd-division/country:us/state:mn/sldu:4
27005,ocd-division/country:us/state:mn/sldu:5
27006,ocd-division/country:us/state:mn/sldu:6
27007,ocd-division/country:us/state:mn/sldu:7
27008,ocd-division/country:us/state:mn/sldu:8
27009,ocd-division/country:us/state:mn/sldu:9
27010,ocd-division/country:us/state:mn/sldu:10
27011,ocd-division/country:us/state:mn/sldu:11
27012,ocd-division/country:us/state:mn/sldu:12
27013,ocd-division/country:us/state:mn/sldu:13
27014,ocd-division/country:us/state:mn/sldu:14
27015,ocd-division/country:us/state:mn/sldu:15
27016,ocd-division/country:us/state:mn/sldu:16
27017,ocd-division/country:us/state:mn/sldu:17
27018,ocd-division/country:us/state:mn/sldu:18
27019,ocd-division/country:us/state:mn/sldu:19
27020,ocd-division/country:us/state:mn/sldu:20
27021,ocd-division/country:us/state:mn/sldu:21
27022,ocd-division/country:us/state:mn/sldu:22
27023,ocd-division/country:us/state:mn/sldu:23
27024,ocd-division/country:us/state:mn/sldu:24
27025,ocd-division/country:us/state:mn/sldu:25
27026,ocd-division/country:us/state:mn/sldu:26
27027,ocd-division/country:us/state:mn/sldu:27
27028,ocd-division/country:us/state:mn/sldu:28
27029,ocd-division/country:us/state:mn/sldu:29
27030,ocd-division/country:us/state:mn/sldu:30
27031,ocd-division/country:us/state:mn/sldu:31
27032,ocd-division/country:us/state:mn/sldu:32
27033,ocd-division/country:us/state:mn/sldu:33
27034,ocd-division/country:us/state:mn/sldu:34
27035,ocd-division/country:us/state:mn/sldu:35
27036,ocd-division/country:us/state:mn/sldu:36
27037,ocd-division/country:us/state:mn/sldu:37
27038,ocd-division/country:us/state:mn/sldu:38
27039,ocd-division/country:us/state:mn/sldu:39
27040,ocd-division/country:us/state:mn/sldu:40
27041,ocd-division/country:us/state:mn/sldu:41
27042,ocd-division/country:us/state:mn/sldu:42
27043,ocd-division/country:us/state:mn/sldu:43
27044,ocd-division/country:us/state:mn/sldu:44
27045,ocd-division/country:us/state:mn/sldu:45
27046,ocd-division/country:us/state:mn/sldu:46
27047,ocd-division/country:us/state:mn/sldu:47
27048,ocd-division/country:us/state:mn/sldu:48
27049,ocd-division/country:us/state:mn/sldu:49
27050,ocd-division/country:us/state:mn/sldu:50
27051,ocd-division/country:us/state:mn/sldu:51
27052,ocd-division/country:us/state:mn/sldu:52
27053,ocd-division/country:us/state:mn/sldu:53
27054,ocd-division/country:us/state:mn/sldu:54
27055,ocd-division/country:us/state:mn/sldu:55
27056,ocd-division/country:us/state:mn/sldu:56
27057,ocd-division/country:us/state:mn/sldu:57
27058,ocd-division/country:us/state:mn/sldu:58
27059,ocd-division/country:us/state:mn/sldu:59
27060,ocd-division/country:us/state:mn/sldu:60
27061,ocd-division/country:us/state:mn/sldu:61
27062,ocd-division/country:us/state:mn/sldu:62
27063,ocd-division/country:us/state:mn/sldu:63
27064,ocd-division/country:us/state:mn/sldu:64
27065,ocd-division/country:us/state:mn/sldu:65
27066,ocd-division/country:us/state:mn/sldu:66
27067,ocd-division/country:us/state:mn/sldu:67
28001,ocd-division/country:us/state:ms/sldu:1
28002,ocd-division/country:us/state:ms/sldu:2
28003,ocd-division/country:us/state:ms/sldu:3
28004,ocd-division/country:us/state:ms/sldu:4
28005,ocd-division/country:us/state:ms/sldu:5
28006,ocd-division/country:us/state:ms/sldu:6
28007,ocd-division/country:us/state:ms/sldu:7
28008,ocd-division/country:us/state:ms/sldu:8
28009,ocd-division/country:us/state:ms/sldu:9
28010,ocd-division/country:us/state:ms/sldu:10
28011,ocd-division/country:us/state:ms/sldu:11
28012,ocd-division/country:us/state:ms/sldu:12
28013,ocd-division/country:us/state:ms/sldu:13
28014,ocd-division/country:us/state:ms/sldu:14
28015,ocd-division/country:us/state:ms/sldu:15
28016,ocd-division/country:us/state:ms/sldu:16
28017,ocd-division/country:us/state:ms/sldu:17
28018,ocd-division/country:us/state:ms/sldu:18
28019,ocd-division/country:us/state:ms/sldu:19
28020,ocd-division/country:us/state:ms/sldu:20
28021,ocd-division/country:us/state:ms/sldu:21
28022,ocd-division/country:us/state:ms/sldu:22
28023,ocd-division/country:us/state:ms/sldu:23
28024,ocd-division/country:us/state:ms/sldu:24
28025,ocd-division/country:us/state:ms/sldu:25
28026,ocd-division/country:us/state:ms/sldu:26
28027,ocd-division/country:us/state:ms/sldu:27
28028,ocd-division/country:us/state:ms/sldu:28
28029,ocd-division/country:us/state:ms/sldu:29
28030,ocd-division/country:us/state:ms/sldu:30
28031,ocd-division/country:us/state:ms/sldu:31
28032,ocd-division/country:us/state:ms/sldu:32
28033,ocd-division/country:us/state:ms/sldu:33
28034,ocd-division/country:us/state:ms/sldu:34
28035,ocd-division/country:us/state:ms/sldu:35
28036,ocd-division/country:us/state:ms/sldu:36
28037,ocd-division/country:us/state:ms/sldu:37
28038,ocd-division/country:us/state:ms/sldu:38
28039,ocd-division/country:us/state:ms/sldu:39
28040,ocd-division/country:us/state:ms/sldu:40
28041,ocd-division/country:us/state:ms/sldu:41
28042,ocd-division/country:us/state:ms/sldu:42
28043,ocd-division/country:us/state:ms/sldu:43
28044,ocd-division/country:us/state:ms/sldu:44
28045,ocd-division/country:us/state:ms/sldu:45
28046,ocd-division/country:us/state:ms/sldu:46
28047,ocd-division/country:us/state:ms/sldu:47
28048,ocd-division/country:us/state:ms/sldu:48
28049,ocd-division/country:us/state:ms/sldu:49
28050,ocd-division/country:us/state:ms/sldu:50
28051,ocd-division/country:us/state:ms/sldu:51
28052,ocd-division/country:us/state:ms/sldu:52
29001,ocd-division/country:us/state:mo/sldu:1
29002,ocd-division/country:us/state:mo/sldu:2
29003,ocd-division/country:us/state:mo/sldu:3
29004,ocd-division/country:us/state:mo/sldu:4
29005,ocd-division/country:us/state:mo/sldu:5
29006,ocd-division/country:us/state:mo/sldu:6
29007,ocd-division/country:us/state:mo/sldu:7
29008,ocd-division/country:us/state:mo/sldu:8
29009,ocd-division/country:us/state:mo/sldu:9
29010,ocd-division/country:us/state:mo/sldu:10
29011,ocd-division/country:us/state:mo/sldu:11
29012,ocd-division/country:us/state:mo/sldu:12
29013,ocd-division/country:us/state:mo/sldu:13
29014,ocd-division/country:us/state:mo/sldu:14
29015,ocd-division/country:us/state:mo/sldu:15
29016,ocd-division/country:us/state:mo/sldu:16
29017,ocd-division/country:us/state:mo/sldu:17
29018,ocd-division/country:us/state:mo/sldu:18
29019,ocd-division/country:us/state:mo/sldu:19
29020,ocd-division/country:us/state:mo/sldu:20
29021,ocd-division/country:us/state:mo/sldu:21
29022,ocd-division/country:us/state:mo/sldu:22
29023,ocd-division/country:us/state:mo/sldu:23
29024,ocd-division/country:us/state:mo/sldu:24
29025,ocd-division/country:us/state:mo/sldu:25
29026,ocd-division/country:us/state:mo/sldu:26
29027,ocd-division/country:us/state:mo/sldu:27
29028,ocd-division/country:us/state:mo/sldu:28
29029,ocd-division/country:us/state:mo/sldu:29
29030,ocd-division/country:us/state:mo/sldu:30
29031,ocd-division/country:us/state:mo/sldu:31
29032,ocd-division/country:us/state:mo/sldu:32
29033,ocd-division/country:us/state:mo/sldu:33
29034,ocd-division/country:us/state:mo/sldu:34
30001,ocd-division/country:us/state:mt/sldu:1
30002,ocd-division/country:us/state:mt/sldu:2
30003,ocd-division/country:us/state:mt/sldu:3
30004,ocd-division/country:us/state:mt/sldu:4
30005,ocd-division/country:us/state:mt/sldu:5
30006,ocd-division/country:us/state:mt/sldu:6
30007,ocd-division/country:us/state:mt/sldu:7
30008,ocd-division/country:us/state:mt/sldu:8
30009,ocd-division/country:us/state:mt/sldu:9
30010,ocd-division/country:us/state:mt/sldu:10
30011,ocd-division/country:us/state:mt/sldu:11
30012,ocd-division/country:us/state:mt/sldu:12
30013,ocd-division/country:us/state:mt/sldu:13
30014,ocd-division/country:us/state:mt/sldu:14
30015,ocd-division/country:us/state:mt/sldu:15
30016,ocd-division/country:us/state:mt/sldu:16
30017,ocd-division/country:us/state:mt/sldu:17
30018,ocd-division/country:us/state:mt/sldu:18
30019,ocd-division/country:us/state:mt/sldu:19
30020,ocd-division/country:us/state:mt/sldu:20
30021,ocd-division/country:us/state:mt/sldu:21
30022,ocd-division/country:us/state:mt/sldu:22
30023,ocd-division/country:us/state:mt/sldu:23
30024,ocd-division/country:us/state:mt/sldu:24
30025,ocd-division/country:us/state:mt/sldu:25
30026,ocd-division/country:us/state:mt/sldu:26
30027,ocd-division/country:us/state:mt/sldu:27
30028,ocd-division/country:us/state:mt/sldu:28
30029,ocd-division/country:us/state:mt/sldu:29
30030,ocd-division/country:us/state:mt/sldu:30
30031,ocd-division/country:us/state:mt/sldu:31
30032,ocd-division/country:us/state:mt/sldu:32
30033,ocd-division/country:us/state:mt/sldu:33
30034,ocd-division/country:us/state:mt/sldu:34
30035,ocd-division/country:us/state:mt/sldu:35
30036,ocd-division/country:us/state:mt/sldu:36
30037,ocd-division/country:us/state:mt/sldu:37
30038,ocd-division/country:us/state:mt/sldu:38
30039,ocd-division/country:us/state:mt/sldu:39
30040,ocd-division/country:us/state:mt/sldu:40
30041,ocd-division/country:us/state:mt/sldu:41
30042,ocd-division/country:us/state:mt/sldu:42
30043,ocd-division/country:us/state:mt/sldu:43
30044,ocd-division/country:us/state:mt/sldu:44
30045,ocd-division/country:us/state:mt/sldu:45
30046,ocd-division/country:us/state:mt/sldu:46
30047,ocd-division/country:us/state:mt/sldu:47
30048,ocd-division/country:us/state:mt/sldu:48
30049,ocd-division/country:us/state:mt/sldu:49
30050,ocd-division/country:us/state:mt/sldu:50
31001,ocd-division/country:us/state:ne/sldu:1
31002,ocd-division/country:us/state:ne/sldu:2
31003,ocd-division/country:us/state:ne/sldu:3
31004,ocd-division/country:us/state:ne/sldu:4
31005,ocd-division/country:us/state:ne/sldu:5
31006,ocd-division/country:us/state:ne/sldu:6
31007,ocd-division/country:us/state:ne/sldu:7
31008,ocd-division/country:us/state:ne/sldu:8
31009,ocd-division/country:us/state:ne/sldu:9
31010,ocd-division/country:us/state:ne/sldu:10
31011,ocd-division/country:us/state:ne/sldu:11
31012,ocd-division/country:us/state:ne/sldu:12
31013,ocd-division/country:us/state:ne/sldu:13
31014,ocd-division/country:us/state:ne/sldu:14
31015,ocd-division/country:us/state:ne/sldu:15
31016,ocd-division/country:us/state:ne/sldu:16
31017,ocd-division/country:us/state:ne/sldu:17
31018,ocd-division/country:us/state:ne/sldu:18
31019,ocd-division/country:us/state:ne/sldu:19
31020,ocd-division/country:us/state:ne/sldu:20
31021,ocd-division/country:us/state:ne/sldu:21
31022,ocd-division/country:us/state:ne/sldu:22
31023,ocd-division/country:us/state:ne/sldu:23
31024,ocd-division/country:us/state:ne/sldu:24
31025,ocd-division/country:us/state:ne/sldu:25
31026,ocd-division/country:us/state:ne/sldu:26
31027,ocd-division/country:us/state:ne/sldu:27
31028,ocd-division/country:us/state:ne/sldu:28
31029,ocd-division/country:us/state:ne/sldu:29
31030,ocd-division/country:us/state:ne/sldu:30
31031,ocd-division/country:us/state:ne/sldu:31
31032,ocd-division/country:us/state:ne/sldu:32
31033,ocd-division/country:us/state:ne/sldu:33
31034,ocd-division/country:us/state:ne/sldu:34
31035,ocd-division/country:us/state:ne/sldu:35
31036,ocd-division/country:us/state:ne/sldu:36
31037,ocd-division/country:us/state:ne/sldu:37
31038,ocd-division/country:us/state:ne/sldu:38
31039,ocd-division/country:us/state:ne/sldu:39
31040,ocd-division/country:us/state:ne/sldu:40
31041,ocd-division/country:us/state:ne/sldu:41
31042,ocd-division/country:us/state:ne/sldu:42
31043,ocd-division/country:us/state:ne/sldu:43
31044,ocd-division/country:us/state:ne/sldu:44
31045,ocd-division/country:us/state:ne/sldu:45
31046,ocd-division/country:us/state:ne/sldu:46
31047,ocd-division/country:us/state:ne/sldu:47
31048,ocd-division/country:us/state:ne/sldu:48
31049,ocd-division/country:us/state:ne/sldu:49
32001,ocd-division/country:us/state:nv/sldu:1
32002,ocd-division/country:us/state:nv/sldu:2
32003,ocd-division/country:us/state:nv/sldu:3
32004,ocd-division/country:us/state:nv/sldu:4
32005,ocd-division/country:us/state:nv/sldu:5
32006,ocd-division/country:us/state:nv/sldu:6
32007,ocd-division/country:us/state:nv/sldu:7
32008,ocd-division/country:us/state:nv/sldu:8
32009,ocd-division/country:us/state:nv/sldu:9
32010,ocd-division/country:us/state:nv/sldu:10
32011,ocd-division/country:us/state:nv/sldu:11
32012,ocd-division/country:us/state:nv/sldu:12
32013,ocd-division/country:us/state:nv/sldu:13
32014,ocd-division/country:us/state:nv/sldu:14
32015,ocd-division/country:us/state:nv/sldu:15
32016,ocd-division/country:us/state:nv/sldu:16
32017,ocd-division/country:us/state:nv/sldu:17
32018,ocd-division/country:us/state:nv/sldu:18
32019,ocd-division/country:us/state:nv/sldu:19
32020,ocd-division/country:us/state:nv/sldu:20
32021,ocd-division/country:us/state:nv/sldu:21
33001,ocd-division/country:us/state:nh/sldu:1
33002,ocd-division/country:us/state:nh/sldu:2
33003,ocd-division/country:us/state:nh/sldu:3
33004,ocd-division/country:us/state:nh/sldu:4
33005,ocd-division/country:us/state:nh/sldu:5
33006,ocd-division/country:us/state:nh/sldu:6
33007,ocd-division/country:us/state:nh/sldu:7
33008,ocd-division/country:us/state:nh/sldu:8
33009,ocd-division/country:us/state:nh/sldu:9
33010,ocd-division/country:us/state:nh/sldu:10
33011,ocd-division/country:us/state:nh/sldu:11
33012,ocd-division/country:us/state:nh/sldu:12
33013,ocd-division/country:us/state:nh/sldu:13
33014,ocd-division/country:us/state:nh/sldu:14
33015,ocd-division/country:us/state:nh/sldu:15
33016,ocd-division/country:us/state:nh/sldu:16
33017,ocd-division/country:us/state:nh/sldu:17
33018,ocd-division/country:us/state:nh/sldu:18
33019,ocd-division/country:us/state:nh/sldu:19
33020,ocd-division/country:us/state:nh/sldu:20
33021,ocd-division/country:us/state:nh/sldu:21
33022,ocd-division/country:us/state:nh/sldu:22
33023,ocd-division/country:us/state:nh/sldu:23
33024,ocd-division/country:us/state:nh/sldu:24
34001,ocd-division/country:us/state:nj/sldu:1
34002,ocd-division/country:us/state:nj/sldu:2
34003,ocd-division/country:us/state:nj/sldu:3
34004,ocd-division/country:us/state:nj/sldu:4
34005,ocd-division/country:us/state:nj/sldu:5
34006,ocd-division/country:us/state:nj/sldu:6
34007,ocd-division/country:us/state:nj/sldu:7
34008,ocd-division/country:us/state:nj/sldu:8
34009,ocd-division/country:us/state:nj/sldu:9
34010,ocd-division/country:us/state:nj/sldu:10
34011,ocd-division/country:us/state:nj/sldu:11
34012,ocd-division/country:us/state:nj/sldu:12
34013,ocd-division/country:us/state:nj/sldu:13
34014,ocd-division/country:us/state:nj/sldu:14
34015,ocd-division/country:us/state:nj/sldu:15
34016,ocd-division/country:us/state:nj/sldu:16
34017,ocd-division/country:us/state:nj/sldu:17
34018,ocd-division/country:us/state:nj/sldu:18
34019,ocd-division/country:us/state:nj/sldu:19
34020,ocd-division/country:us/state:nj/sldu:20
34021,ocd-division/country:us/state:nj/sldu:21
34022,ocd-division/country:us/state:nj/sldu:22
34023,ocd-division/country:us/state:nj/sldu:23
34024,ocd-division/country:us/state:nj/sldu:24
34025,ocd-division/country:us/state:nj/sldu:25
34026,ocd-division/country:us/state:nj/sldu:26
34027,ocd-division/country:us/state:nj/sldu:27
34028,ocd-division/country:us/state:nj/sldu:28
34029,ocd-division/country:us/state:nj/sldu:29
34030,ocd-division/country:us/state:nj/sldu:30
34031,ocd-division/country:us/state:nj/sldu:31
34032,ocd-division/country:us/state:nj/sldu:32
34033,ocd-division/country:us/state:nj/sldu:33
34034,ocd-division/country:us/state:nj/sldu:34
34035,ocd-division/country:us/state:nj/sldu:35
34036,ocd-division/country:us/state:nj/sldu:36
34037,ocd-division/country:us/state:nj/sldu:37
34038,ocd-division/country:us/state:nj/sldu:38
34039,ocd-division/country:us/state:nj/sldu:39
34040,ocd-division/country:us/state:nj/sldu:40
35001,ocd-division/country:us/state:nm/sldu:1
35002,ocd-division/country:us/state:nm/sldu:2
35003,ocd-division/country:us/state:nm/sldu:3
35004,ocd-division/country:us/state:nm/sldu:4
35005,ocd-division/country:us/state:nm/sldu:5
35006,ocd-division/country:us/state:nm/sldu:6
35007,ocd-division/country:us/state:nm/sldu:7
35008,ocd-division/country:us/state:nm/sldu:8
35009,ocd-division/country:us/state:nm/sldu:9
35010,ocd-division/country:us/state:nm/sldu:10
35011,ocd-division/country:us/state:nm/sldu:11
35012,ocd-division/country:us/state:nm/sldu:12
35013,ocd-division/country:us/state:nm/sldu:13
35014,ocd-division/country:us/state:nm/sldu:14
35015,ocd-division/country:us/state:nm/sldu:15
35016,ocd-division/country:us/state:nm/sldu:16
35017,ocd-division/country:us/state:nm/sldu:17
35018,ocd-division/country:us/state:nm/sldu:18
35019,ocd-division/country:us/state:nm/sldu:19
35020,ocd-division/country:us/state:nm/sldu:20
35021,ocd-division/country:us/state:nm/sldu:21
35022,ocd-division/country:us/state:nm/sldu:22
35023,ocd-division/country:us/state:nm/sldu:23
35024,ocd-division/country:us/state:nm/sldu:24
35025,ocd-division/country:us/state:nm/sldu:25
35026,ocd-division/country:us/state:nm/sldu:26
35027,ocd-division/country:us/state:nm/sldu:27
35028,ocd-division/country:us/state:nm/sldu:28
35029,ocd-division/country:us/state:nm/sldu:29
35030,ocd-division/country:us/state:nm/sldu:30
35031,ocd-division/country:us/state:nm/sldu:31
35032,ocd-division/country:us/state:nm/sldu:32
35033,ocd-division/country:us/state:nm/sldu:33
35034,ocd-division/country:us/state:nm/sldu:34
35035,ocd-division/country:us/state:nm/sldu:35
35036,ocd-division/country:us/state:nm/sldu:36
35037,ocd-division/country:us/state:nm/sldu:37
35038,ocd-division/country:us/state:nm/sldu:38
35039,ocd-division/country:us/state:nm/sldu:39
35040,ocd-division/country:us/state:nm/sldu:40
35041,ocd-division/country:us/state:nm/sldu:41
35042,ocd-division/country:us/state:nm/sldu:42
36001,ocd-division/country:us/state:ny/sldu:1
36002,ocd-division/country:us/state:ny/sldu:2
36003,ocd-division/country:us/state:ny/sldu:3
36004,ocd-division/country:us/state:ny/sldu:4
36005,ocd-division/country:us/state:ny/sldu:5
36006,ocd-division/country:us/state:ny/sldu:6
36007,ocd-division/country:us/state:ny/sldu:7
36008,ocd-division/country:us/state:ny/sldu:8
36009,ocd-division/country:us/state:ny/sldu:9
36010,ocd-division/country:us/state:ny/sldu:10
36011,ocd-division/country:us/state:ny/sldu:11
36012,ocd-division/country:us/state:ny/sldu:12
36013,ocd-division/country:us/state:ny/sldu:13
36014,ocd-division/country:us/state:ny/sldu:14
36015,ocd-division/country:us/state:ny/sldu:15
36016,ocd-division/country:us/state:ny/sldu:16
36017,ocd-division/country:us/state:ny/sldu:17
36018,ocd-division/country:us/state:ny/sldu:18
36019,ocd-division/country:us/state:ny/sldu:19
36020,ocd-division/country:us/state:ny/sldu:20
36021,ocd-division/country:us/state:ny/sldu:21
36022,ocd-division/country:us/state:ny/sldu:22
36023,ocd-division/country:us/state:ny/sldu:23
36024,ocd-division/country:us/state:ny/sldu:24
36025,ocd-division/country:us/state:ny/sldu:25
36026,ocd-division/country:us/state:ny/sldu:26
36027,ocd-division/country:us/state:ny/sldu:27
36028,ocd-division/country:us/state:ny/sldu:28
36029,ocd-division/country:us/state:ny/sldu:29
36030,ocd-division/country:us/state:ny/sldu:30
36031,ocd-division/country:us/state:ny/sldu:31
36032,ocd-division/country:us/state:ny/sldu:32
36033,ocd-division/country:us/state:ny/sldu:33
36034,ocd-division/country:us/state:ny/sldu:34
36035,ocd-division/country:us/state:ny/sldu:35
36036,ocd-division/country:us/state:ny/sldu:36
36037,ocd-division/country:us/state:ny/sldu:37
36038,ocd-division/country:us/state:ny/sldu:38
36039,ocd-division/country:us/state:ny/sldu:39
36040,ocd-division/country:us/state:ny/sldu:40
36041,ocd-division/country:us/state:ny/sldu:41
36042,ocd-division/country:us/state:ny/sldu:42
36043,ocd-division/country:us/state:ny/sldu:43
36044,ocd-division/country:us/state:ny/sldu:44
36045,ocd-division/country:us/state:ny/sldu:45
36046,ocd-division/country:us/state:ny/sldu:46
36047,ocd-division/country:us/state:ny/sldu:47
36048,ocd-division/country:us/state:ny/sldu:48
36049,ocd-division/country:us/state:ny/sldu:49
36050,ocd-division/country:us/state:ny/sldu:50
36051,ocd-division/country:us/state:ny/sldu:51
36052,ocd-division/country:us/state:ny/sldu:52
36053,ocd-division/country:us/state:ny/sldu:53
36054,ocd-division/country:us/state:ny/sldu:54
36055,ocd-division/country:us/state:ny/sldu:55
36056,ocd-division/country:us/state:ny/sldu:56
36057,ocd-division/country:us/state:ny/sldu:57
36058,ocd-division/country:us/state:ny/sldu:58
36059,ocd-division/country:us/state:ny/sldu:59
36060,ocd-division/country:us/state:ny/sldu:60
36061,ocd-division/country:us/state:ny/sldu:61
36062,ocd-division/country:us/state:ny/sldu:62
36063,ocd-division/country:us/state:ny/sldu:63
37001,ocd-division/country:us/state:nc/sldu:1
37002,ocd-division/country:us/state:nc/sldu:2
37003,ocd-division/country:us/state:nc/sldu:3
37004,ocd-division/country:us/state:nc/sldu:4
37005,ocd-division/country:us/state:nc/sldu:5
37006,ocd-division/country:us/state:nc/sldu:6
37007,ocd-division/country:us/state:nc/sldu:7
37008,ocd-division/country:us/state:nc/sldu:8
37009,ocd-division/country:us/state:nc/sldu:9
37010,ocd-division/country:us/state:nc/sldu:10
37011,ocd-division/country:us/state:nc/sldu:11
37012,ocd-division/country:us/state:nc/sldu:12
37013,ocd-division/country:us/state:nc/sldu:13
37014,ocd-division/country:us/state:nc/sldu:14
37015,ocd-division/country:us/state:nc/sldu:15
37016,ocd-division/country:us/state:nc/sldu:16
37017,ocd-division/country:us/state:nc/sldu:17
37018,ocd-division/country:us/state:nc/sldu:18
37019,ocd-division/country:us/state:nc/sldu:19
37020,ocd-division/country:us/state:nc/sldu:20
37021,ocd-division/country:us/state:nc/sldu:21
37022,ocd-division/country:us/state:nc/sldu:22
37023,ocd-division/country:us/state:nc/sldu:23
37024,ocd-division/country:us/state:nc/sldu:24
37025,ocd-division/country:us/state:nc/sldu:25
37026,ocd-division/country:us/state:nc/sldu:26
37027,ocd-division/country:us/state:nc/sldu:27
37028,ocd-division/country:us/state:nc/sldu:28
37029,ocd-division/country:us/state:nc/sldu:29
37030,ocd-division/country:us/state:nc/sldu:30
37031,ocd-division/country:us/state:nc/sldu:31
37032,ocd-division/country:us/state:nc/sldu:32
37033,ocd-division/country:us/state:nc/sldu:33
37034,ocd-division/country:us/state:nc/sldu:34
37035,ocd-division/country:us/state:nc/sldu:35
37036,ocd-division/country:us/state:nc/sldu:36
37037,ocd-division/country:us/state:nc/sldu:37
37038,ocd-division/country:us/state:nc/sldu:38
37039,ocd-division/country:us/state:nc/sldu:39
37040,ocd-division/country:us/state:nc/sldu:40
37041,ocd-division/country:us/state:nc/sldu:41
37042,ocd-division/country:us/state:nc/sldu:42
37043,ocd-division/country:us/state:nc/sldu:43
37044,ocd-division/country:us/state:nc/sldu:44
37045,ocd-division/country:us/state:nc/sldu:45
37046,ocd-division/country:us/state:nc/sldu:46
37047,ocd-division/country:us/state:nc/sldu:47
37048,ocd-division/country:us/state:nc/sldu:48
37049,ocd-division/country:us/state:nc/sldu:49
37050,ocd-division/country:us/state:nc/sldu:50
38001,ocd-division/country:us/state:nd/sldu:1
38002,ocd-division/country:us/state:nd/sldu:2
38003,ocd-division/country:us/state:nd/sldu:3
38004,ocd-division/country:us/state:nd/sldu:4
38005,ocd-division/country:us/state:nd/sldu:5
38006,ocd-division/country:us/state:nd/sldu:6
38007,ocd-division/country:us/state:nd/sldu:7
38008,ocd-division/country:us/state:nd/sldu:8
38009,ocd-division/country:us/state:nd/sldu:9
38010,ocd-division/country:us/state:nd/sldu:10
38011,ocd-division/country:us/state:nd/sldu:11
38012,ocd-division/country:us/state:nd/sldu:12
38013,ocd-division/country:us/state:nd/sldu:13
38014,ocd-division/country:us/state:nd/sldu:14
38015,ocd-division/country:us/state:nd/sldu:15
38016,ocd-division/country:us/state:nd/sldu:16
38017,ocd-division/country:us/state:nd/sldu:17
38018,ocd-division/country:us/state:nd/sldu:18
38019,ocd-division/country:us/state:nd/sldu:19
38020,ocd-division/country:us/state:nd/sldu:20
38021,ocd-division/country:us/state:nd/sldu:21
38022,ocd-division/country:us/state:nd/sldu:22
38023,ocd-division/country:us/state:nd/sldu:23
38024,ocd-division/country:us/state:nd/sldu:24
38025,ocd-division/country:us/state:nd/sldu:25
38026,ocd-division/country:us/state:nd/sldu:26
38027,ocd-division/country:us/state:nd/sldu:27
38028,ocd-division/country:us/state:nd/sldu:28
38029,ocd-division/country:us/state:nd/sldu:29
38030,ocd-division/country:us/state:nd/sldu:30
38031,ocd-division/country:us/state:nd/sldu:31
38032,ocd-division/country:us/state:nd/sldu:32
38033,ocd-division/country:us/state:nd/sldu:33
38034,ocd-division/country:us/state:nd/sldu:34
38035,ocd-division/country:us/state:nd/sldu:35
38036,ocd-division/country:us/state:nd/sldu:36
38037,ocd-division/country:us/state:nd/sldu:37
38038,ocd-division/country:us/state:nd/sldu:38
38039,ocd-division/country:us/state:nd/sldu:39
38040,ocd-division/country:us/state:nd/sldu:40
38041,ocd-division/country:us/state:nd/sldu:41
38042,ocd-division/country:us/state:nd/sldu:42
38043,ocd-division/country:us/state:nd/sldu:43
38044,ocd-division/country:us/state:nd/sldu:44
38045,ocd-division/country:us/state:nd/sldu:45
38046,ocd-division/country:us/state:nd/sldu:46
38047,ocd-division/country:us/state:nd/sldu:47
39001,ocd-division/country:us/state:oh/sldu:1
39002,ocd-division/country:us/state:oh/sldu:2
39003,ocd-division/country:us/state:oh/sldu:3
39004,ocd-division/country:us/state:oh/sldu:4
39005,ocd-division/country:us/state:oh/sldu:5
39006,ocd-division/country:us/state:oh/sldu:6
39007,ocd-division/country:us/state:oh/sldu:7
39008,ocd-division/country:us/state:oh/sldu:8
39009,ocd-division/country:us/state:oh/sldu:9
39010,ocd-division/country:us/state:oh/sldu:10
39011,ocd-division/country:us/state:oh/sldu:11
39012,ocd-division/country:us/state:oh/sldu:12
39013,ocd-division/country:us/state:oh/sldu:13
39014,ocd-division/country:us/state:oh/sldu:14
39015,ocd-division/country:us/state:oh/sldu:15
39016,ocd-division/country:us/state:oh/sldu:16
39017,ocd-division/country:us/state:oh/sldu:17
39018,ocd-division/country:us/state:oh/sldu:18
39019,ocd-division/country:us/state:oh/sldu:19
39020,ocd-division/country:us/state:oh/sldu:20
39021,ocd-division/country:us/state:oh/sldu:21
39022,ocd-division/country:us/state:oh/sldu:22
39023,ocd-division/country:us/state:oh/sldu:23
39024,ocd-division/country:us/state:oh/sldu:24
39025,ocd-division/country:us/state:oh/sldu:25
39026,ocd-division/country:us/state:oh/sldu:26
39027,ocd-division/country:us/state:oh/sldu:27
39028,ocd-division/country:us/state:oh/sldu:28
39029,ocd-division/country:us/state:oh/sldu:29
39030,ocd-division/country:us/state:oh/sldu:30
39031,ocd-division/country:us/state:oh/sldu:31
39032,ocd-division/country:us/state:oh/sldu:32
39033,ocd-division/country:us/state:oh/sldu:33
40001,ocd-division/country:us/state:ok/sldu:1
40002,ocd-division/country:us/state:ok/sldu:2
40003,ocd-division/country:us/state:ok/sldu:3
40004,ocd-division/country:us/state:ok/sldu:4
40005,ocd-division/country:us/state:ok/sldu:5
40006,ocd-division/country:us/state:ok/sldu:6
40007,ocd-division/country:us/state:ok/sldu:7
40008,ocd-division/country:us/state:ok/sldu:8
40009,ocd-division/country:us/state:ok/sldu:9
40010,ocd-division/country:us/state:ok/sldu:10
40011,ocd-division/country:us/state:ok/sldu:11
40012,ocd-division/country:us/state:ok/sldu:12
40013,ocd-division/country:us/state:ok/sldu:13
40014,ocd-division/country:us/state:ok/sldu:14
40015,ocd-division/country:us/state:ok/sldu:15
40016,ocd-division/country:us/state:ok/sldu:16
40017,ocd-division/country:us/state:ok/sldu:17
40018,ocd-division/country:us/state:ok/sldu:18
40019,ocd-division/country:us/state:ok/sldu:19
40020,ocd-division/country:us/state:ok/sldu:20
40021,ocd-division/country:us/state:ok/sldu:21
40022,ocd-division/country:us/state:ok/sldu:22
40023,ocd-division/country:us/state:ok/sldu:23
40024,ocd-division/country:us/state:ok/sldu:24
40025,ocd-division/country:us/state:ok/sldu:25
40026,ocd-division/country:us/state:ok/sldu:26
40027,ocd-division/country:us/state:ok/sldu:27
40028,ocd-division/country:us/state:ok/sldu:28
40029,ocd-division/country:us/state:ok/sldu:29
40030,ocd-division/country:us/state:ok/sldu:30
40031,ocd-division/country:us/state:ok/sldu:31
40032,ocd-division/country:us/state:ok/sldu:32
40033,ocd-division/country:us/state:ok/sldu:33
40034,ocd-division/country:us/state:ok/sldu:34
40035,ocd-division/country:us/state:ok/sldu:35
40036,ocd-division/country:us/state:ok/sldu:36
40037,ocd-division/country:us/state:ok/sldu:37
40038,ocd-division/country:us/state:ok/sldu:38
40039,ocd-division/country:us/state:ok/sldu:39
40040,ocd-division/country:us/state:ok/sldu:40
40041,ocd-division/country:us/state:ok/sldu:41
40042,ocd-division/country:us/state:ok/sldu:42
40043,ocd-division/country:us/state:ok/sldu:43
40044,ocd-division/country:us/state:ok/sldu:44
40045,ocd-division/country:us/state:ok/sldu:45
40046,ocd-division/country:us/state:ok/sldu:46
40047,ocd-division/country:us/state:ok/sldu:47
40048,ocd-division/country:us/state:ok/sldu:48
41001,ocd-division/country:us/state:or/sldu:1
41002,ocd-division/country:us/state:or/sldu:2
41003,ocd-division/country:us/state:or/sldu:3
41004,ocd-division/country:us/state:or/sldu:4
41005,ocd-division/country:us/state:or/sldu:5
41006,ocd-division/country:us/state:or/sldu:6
41007,ocd-division/country:us/state:or/sldu:7
41008,ocd-division/country:us/state:or/sldu:8
41009,ocd-division/country:us/state:or/sldu:9
41010,ocd-division/country:us/state:or/sldu:10
41011,ocd-division/country:us/state:or/sldu:11
41012,ocd-division/country:us/state:or/sldu:12
41013,ocd-division/country:us/state:or/sldu:13
41014,ocd-division/country:us/state:or/sldu:14
41015,ocd-division/country:us/state:or/sldu:15
41016,ocd-division/country:us/state:or/sldu:16
41017,ocd-division/country:us/state:or/sldu:17
41018,ocd-division/country:us/state:or/sldu:18
41019,ocd-division/country:us/state:or/sldu:19
41020,ocd-division/country:us/state:or/sldu:20
41021,ocd-division/country:us/state:or/sldu:21
41022,ocd-division/country:us/state:or/sldu:22
41023,ocd-division/country:us/state:or/sldu:23
41024,ocd-division/country:us/state:or/sldu:24
41025,ocd-division/country:us/state:or/sldu:25
41026,ocd-division/country:us/state:or/sldu:26
41027,ocd-division/country:us/state:or/sldu:27
41028,ocd-division/country:us/state:or/sldu:28
41029,ocd-division/country:us/state:or/sldu:29
41030,ocd-division/country:us/state:or/sldu:30
42001,ocd-division/country:us/state:pa/sldu:1
42002,ocd-division/country:us/state:pa/sldu:2
42003,ocd-division/country:us/state:pa/sldu:3
42004,ocd-division/country:us/state:pa/sldu:4
42005,ocd-division/country:us/state:pa/sldu:5
42006,ocd-division/country:us/state:pa/sldu:6
42007,ocd-division/country:us/state:pa/sldu:7
42008,ocd-division/country:us/state:pa/sldu:8
42009,ocd-division/country:us/state:pa/sldu:9
42010,ocd-division/country:us/state:pa/sldu:10
42011,ocd-division/country:us/state:pa/sldu:11
42012,ocd-division/country:us/state:pa/sldu:12
42013,ocd-division/country:us/state:pa/sldu:13
42014,ocd-division/country:us/state:pa/sldu:14
42015,ocd-division/country:us/state:pa/sldu:15
42016,ocd-division/country:us/state:pa/sldu:16
42017,ocd-division/country:us/state:pa/sldu:17
42018,ocd-division/country:us/state:pa/sldu:18
42019,ocd-division/country:us/state:pa/sldu:19
42020,ocd-division/country:us/state:pa/sldu:20
42021,ocd-division/country:us/state:pa/sldu:21
42022,ocd-division/country:us/state:pa/sldu:22
42023,ocd-division/country:us/state:pa/sldu:23
42024,ocd-division/country:us/state:pa/sldu:24
42025,ocd-division/country:us/state:pa/sldu:25
42026,ocd-division/country:us/state:pa/sldu:26
42027,ocd-division/country:us/state:pa/sldu:27
42028,ocd-division/country:us/state:pa/sldu:28
42029,ocd-division/country:us/state:pa/sldu:29
42030,ocd-division/country:us/state:pa/sldu:30
42031,ocd-division/country:us/state:pa/sldu:31
42032,ocd-division/country:us/state:pa/sldu:32
42033,ocd-division/country:us/state:pa/sldu:33
42034,ocd-division/country:us/state:pa/sldu:34
42035,ocd-division/country:us/state:pa/sldu:35
42036,ocd-division/country:us/state:pa/sldu:36
42037,ocd-division/country:us/state:pa/sldu:37
42038,ocd-division/country:us/state:pa/sldu:38
42039,ocd-division/country:us/state:pa/sldu:39
42040,ocd-division/country:us/state:pa/sldu:40
42041,ocd-division/country:us/state:pa/sldu:41
42042,ocd-division/country:us/state:pa/sldu:42
42043,ocd-division/country:us/state:pa/sldu:43
42044,ocd-division/country:us/state:pa/sldu:44
42045,ocd-division/country:us/state:pa/sldu:45
42046,ocd-division/country:us/state:pa/sldu:46
42047,ocd-division/country:us/state:pa/sldu:47
42048,ocd-division/country:us/state:pa/sldu:48
42049,ocd-division/country:us/state:pa/sldu:49
42050,ocd-division/country:us/state:pa/sldu:50
44001,ocd-division/country:us/state:ri/sldu:1
44002,ocd-division/country:us/state:ri/sldu:2
44003,ocd-division/country:us/state:ri/sldu:3
44004,ocd-division/country:us/state:ri/sldu:4
44005,ocd-division/country:us/state:ri/sldu:5
44006,ocd-division/country:us/state:ri/sldu:6
44007,ocd-division/country:us/state:ri/sldu:7
44008,ocd-division/country:us/state:ri/sldu:8
44009,ocd-division/country:us/state:ri/sldu:9
44010,ocd-division/country:us/state:ri/sldu:10
44011,ocd-division/country:us/state:ri/sldu:11
44012,ocd-division/country:us/state:ri/sldu:12
44013,ocd-division/country:us/state:ri/sldu:13
44014,ocd-division/country:us/state:ri/sldu:14
44015,ocd-division/country:us/state:ri/sldu:15
44016,ocd-division/country:us/state:ri/sldu:16
44017,ocd-division/country:us/state:ri/sldu:17
44018,ocd-division/country:us/state:ri/sldu:18
44019,ocd-division/country:us/state:ri/sldu:19
44020,ocd-division/country:us/state:ri/sldu:20
44021,ocd-division/country:us/state:ri/sldu:21
44022,ocd-division/country:us/state:ri/sldu:22
44023,ocd-division/country:us/state:ri/sldu:23
44024,ocd-division/country:us/state:ri/sldu:24
44025,ocd-division/country:us/state:ri/sldu:25
44026,ocd-division/country:us/state:ri/sldu:26
44027,ocd-division/country:us/state:ri/sldu:27
44028,ocd-division/country:us/state:ri/sldu:28
44029,ocd-division/country:us/state:ri/sldu:29
44030,ocd-division/country:us/state:ri/sldu:30
44031,ocd-division/country:us/state:ri/sldu:31
44032,ocd-division/country:us/state:ri/sldu:32
44033,ocd-division/country:us/state:ri/sldu:33
44034,ocd-division/country:us/state:ri/sldu:34
44035,ocd-division/country:us/state:ri/sldu:35
44036,ocd-division/country:us/state:ri/sldu:36
44037,ocd-division/country:us/state:ri/sldu:37
44038,ocd-division/country:us/state:ri/sldu:38
45001,ocd-division/country:us/state:sc/sldu:1
45002,ocd-division/country:us/state:sc/sldu:2
45003,ocd-division/country:us/state:sc/sldu:3
45004,ocd-division/country:us/state:sc/sldu:4
45005,ocd-division/country:us/state:sc/sldu:5
45006,ocd-division/country:us/state:sc/sldu:6
45007,ocd-division/country:us/state:sc/sldu:7
45008,ocd-division/country:us/state:sc/sldu:8
45009,ocd-division/country:us/state:sc/sldu:9
45010,ocd-division/country:us/state:sc/sldu:10
45011,ocd-division/country:us/state:sc/sldu:11
45012,ocd-division/country:us/state:sc/sldu:12
45013,ocd-division/country:us/state:sc/sldu:13
45014,ocd-division/country:us/state:sc/sldu:14
45015,ocd-division/country:us/state:sc/sldu:15
45016,ocd-division/country:us/state:sc/sldu:16
45017,ocd-division/country:us/state:sc/sldu:17
45018,ocd-division/country:us/state:sc/sldu:18
45019,ocd-division/country:us/state:sc/sldu:19
45020,ocd-division/country:us/state:sc/sldu:20
45021,ocd-division/country:us/state:sc/sldu:21
45022,ocd-division/country:us/state:sc/sldu:22
45023,ocd-division/country:us/state:sc/sldu:23
45024,ocd-division/country:us/state:sc/sldu:24
45025,ocd-division/country:us/state:sc/sldu:25
45026,ocd-division/country:us/state:sc/sldu:26
45027,ocd-division/country:us/state:sc/sldu:27
45028,ocd-division/country:us/state:sc/sldu:28
45029,ocd-division/country:us/state:sc/sldu:29
45030,ocd-division/country:us/state:sc/sldu:30
45031,ocd-division/country:us/state:sc/sldu:31
45032,ocd-division/country:us/state:sc/sldu:32
45033,ocd-division/country:us/state:sc/sldu:33
45034,ocd-division/country:us/state:sc/sldu:34
45035,ocd-division/country:us/state:sc/sldu:35
45036,ocd-division/country:us/state:sc/sldu:36
45037,ocd-division/country:us/state:sc/sldu:37
45038,ocd-division/country:us/state:sc/sldu:38
45039,ocd-division/country:us/state:sc/sldu:39
45040,ocd-division/country:us/state:sc/sldu:40
45041,ocd-division/country:us/state:sc/sldu:41
45042,ocd-division/country:us/state:sc/sldu:42
45043,ocd-division/country:us/state:sc/sldu:43
45044,ocd-division/country:us/state:sc/sldu:44
45045,ocd-division/country:us/state:sc/sldu:45
45046,ocd-division/country:us/state:sc/sldu:46
46001,ocd-division/country:us/state:sd/sldu:1
46002,ocd-division/country:us/state:sd/sldu:2
46003,ocd-division/country:us/state:sd/sldu:3
46004,ocd-division/country:us/state:sd/sldu:4
46005,ocd-division/country:us/state:sd/sldu:5
46006,ocd-division/country:us/state:sd/sldu:6
46007,ocd-division/country:us/state:sd/sldu:7
46008,ocd-division/country:us/state:sd/sldu:8
46009,ocd-division/country:us/state:sd/sldu:9
46010,ocd-division/country:us/state:sd/sldu:10
46011,ocd-division/country:us/state:sd/sldu:11
46012,ocd-division/country:us/state:sd/sldu:12
46013,ocd-division/country:us/state:sd/sldu:13
46014,ocd-division/country:us/state:sd/sldu:14
46015,ocd-division/country:us/state:sd/sldu:15
46016,ocd-division/country:us/state:sd/sldu:16
46017,ocd-division/country:us/state:sd/sldu:17
46018,ocd-division/country:us/state:sd/sldu:18
46019,ocd-division/country:us/state:sd/sldu:19
46020,ocd-division/country:us/state:sd/sldu:20
46021,ocd-division/country:us/state:sd/sldu:21
46022,ocd-division/country:us/state:sd/sldu:22
46023,ocd-division/country:us/state:sd/sldu:23
46024,ocd-division/country:us/state:sd/sldu:24
46025,ocd-division/country:us/state:sd/sldu:25
46026,ocd-division/country:us/state:sd/sldu:26
46027,ocd-division/country:us/state:sd/sldu:27
46028,ocd-division/country:us/state:sd/sldu:28
46029,ocd-division/country:us/state:sd/sldu:29
46030,ocd-division/country:us/state:sd/sldu:30
46031,ocd-division/country:us/state:sd/sldu:31
46032,ocd-division/country:us/state:sd/sldu:32
46033,ocd-division/country:us/state:sd/sldu:33
46034,ocd-division/country:us/state:sd/sldu:34
46035,ocd-division/country:us/state:sd/sldu:35
47001,ocd-division/country:us/state:tn/sldu:1
47002,ocd-division/country:us/state:tn/sldu:2
47003,ocd-division/country:us/state:tn/sldu:3
47004,ocd-division/country:us/state:tn/sldu:4
47005,ocd-division/country:us/state:tn/sldu:5
47006,ocd-division/country:us/state:tn/sldu:6
47007,ocd-division/country:us/state:tn/sldu:7
47008,ocd-division/country:us/state:tn/sldu:8
47009,ocd-division/country:us/state:tn/sldu:9
47010,ocd-division/country:us/state:tn/sldu:10
47011,ocd-division/country:us/state:tn/sldu:11
47012,ocd-division/country:us/state:tn/sldu:12
47013,ocd-division/country:us/state:tn/sldu:13
47014,ocd-division/country:us/state:tn/sldu:14
47015,ocd-division/country:us/state:tn/sldu:15
47016,ocd-division/country:us/state:tn/sldu:16
47017,ocd-division/country:us/state:tn/sldu:17
47018,ocd-division/country:us/state:tn/sldu:18
47019,ocd-division/country:us/state:tn/sldu:19
47020,ocd-division/country:us/state:tn/sldu:20
47021,ocd-division/country:us/state:tn/sldu:21
47022,ocd-division/country:us/state:tn/sldu:22
47023,ocd-division/country:us/state:tn/sldu:23
47024,ocd-division/country:us/state:tn/sldu:24
47025,ocd-division/country:us/state:tn/sldu:25
47026,ocd-division/country:us/state:tn/sldu:26
47027,ocd-division/country:us/state:tn/sldu:27
47028,ocd-division/country:us/state:tn/sldu:28
47029,ocd-division/country:us/state:tn/sldu:29
47030,ocd-division/country:us/state:tn/sldu:30
47031,ocd-division/country:us/state:tn/sldu:31
47032,ocd-division/country:us/state:tn/sldu:32
47033,ocd-division/country:us/state:tn/sldu:33
48001,ocd-division/country:us/state:tx/sldu:1
48002,ocd-division/country:us/state:tx/sldu:2
48003,ocd-division/country:us/state:tx/sldu:3
48004,ocd-division/country:us/state:tx/sldu:4
48005,ocd-division/country:us/state:tx/sldu:5
48006,ocd-division/country:us/state:tx/sldu:6
48007,ocd-division/country:us/state:tx/sldu:7
48008,ocd-division/country:us/state:tx/sldu:8
48009,ocd-division/country:us/state:tx/sldu:9
48010,ocd-division/country:us/state:tx/sldu:10
48011,ocd-division/country:us/state:tx/sldu:11
48012,ocd-division/country:us/state:tx/sldu:12
48013,ocd-division/country:us/state:tx/sldu:13
48014,ocd-division/country:us/state:tx/sldu:14
48015,ocd-division/country:us/state:tx/sldu:15
48016,ocd-division/country:us/state:tx/sldu:16
48017,ocd-division/country:us/state:tx/sldu:17
48018,ocd-division/country:us/state:tx/sldu:18
48019,ocd-division/country:us/state:tx/sldu:19
48020,ocd-division/country:us/state:tx/sldu:20
48021,ocd-division/country:us/state:tx/sldu:21
48022,ocd-division/country:us/state:tx/sldu:22
48023,ocd-division/country:us/state:tx/sldu:23
48024,ocd-division/country:us/state:tx/sldu:24
48025,ocd-division/country:us/state:tx/sldu:25
48026,ocd-division/country:us/state:tx/sldu:26
48027,ocd-division/country:us/state:tx/sldu:27
48028,ocd-division/country:us/state:tx/sldu:28
48029,ocd-division/country:us/state:tx/sldu:29
48030,ocd-division/country:us/state:tx/sldu:30
48031,ocd-division/country:us/state:tx/sldu:31
49001,ocd-division/country:us/state:ut/sldu:1
49002,ocd-division/country:us/state:ut/sldu:2
49003,ocd-division/country:us/state:ut/sldu:3
49004,ocd-division/country:us/state:ut/sldu:4
49005,ocd-division/country:us/state:ut/sldu:5
49006,ocd-division/country:us/state:ut/sldu:6
49007,ocd-division/country:us/state:ut/sldu:7
49008,ocd-division/country:us/state:ut/sldu:8
49009,ocd-division/country:us/state:ut/sldu:9
49010,ocd-division/country:us/state:ut/sldu:10
49011,ocd-division/country:us/state:ut/sldu:11
49012,ocd-division/country:us/state:ut/sldu:12
49013,ocd-division/country:us/state:ut/sldu:13
49014,ocd-division/country:us/state:ut/sldu:14
49015,ocd-division/country:us/state:ut/sldu:15
49016,ocd-division/country:us/state:ut/sldu:16
49017,ocd-division/country:us/state:ut/sldu:17
49018,ocd-division/country:us/state:ut/sldu:18
49019,ocd-division/country:us/state:ut/sldu:19
49020,ocd-division/country:us/state:ut/sldu:20
49021,ocd-division/country:us/state:ut/sldu:21
49022,ocd-division/country:us/state:ut/sldu:22
49023,ocd-division/country:us/state:ut/sldu:23
49024,ocd-division/country:us/state:ut/sldu:24
49025,ocd-division/country:us/state:ut/sldu:25
49026,ocd-division/country:us/state:ut/sldu:26
49027,ocd-division/country:us/state:ut/sldu:27
49028,ocd-division/country:us/state:ut/sldu:28
49029,ocd-division/country:us/state:ut/sldu:29
50ADD,ocd-division/country:us/state:vt/sldu:addison
50BEN,ocd-division/country:us/state:vt/sldu:bennington
50CAL,ocd-division/country:us/state:vt/sldu:caledonia
50CGI,ocd-division/country:us/state:vt/sldu:grand_isle-chittenden
50CHI,ocd-division/country:us/state:vt/sldu:chittenden
50E-O,ocd-division/country:us/state:vt/sldu:essex-orleans
50FRA,ocd-division/country:us/state:vt/sldu:franklin
50LAM,ocd-division/country:us/state:vt/sldu:lamoille
50ORA,ocd-division/country:us/state:vt/sldu:orange
50RUT,ocd-division/country:us/state:vt/sldu:rutland
50WAS,ocd-division/country:us/state:vt/sldu:washington
50WDM,ocd-division/country:us/state:vt/sldu:windham
50WSR,ocd-division/country:us/state:vt/sldu:windsor
51001,ocd-division/country:us/state:va/sldu:1
51002,ocd-division/country:us/state:va/sldu:2
51003,ocd-division/country:us/state:va/sldu:3
51004,ocd-division/country:us/state:va/sldu:4
51005,ocd-division/country:us/state:va/sldu:5
51006,ocd-division/country:us/state:va/sldu:6
51007,ocd-division/country:us/state:va/sldu:7
51008,ocd-division/country:us/state:va/sldu:8
51009,ocd-division/country:us/state:va/sldu:9
51010,ocd-division/country:us/state:va/sldu:10
51011,ocd-division/country:us/state:va/sldu:11
51012,ocd-division/country:us/state:va/sldu:12
51013,ocd-division/country:us/state:va/sldu:13
51014,ocd-division/country:us/state:va/sldu:14
51015,ocd-division/country:us/state:va/sldu:15
51016,ocd-division/country:us/state:va/sldu:16
51017,ocd-division/country:us/state:va/sldu:17
51018,ocd-division/country:us/state:va/sldu:18
51019,ocd-division/country:us/state:va/sldu:19
51020,ocd-division/country:us/state:va/sldu:20
51021,ocd-division/country:us/state:va/sldu:21
51022,ocd-division/country:us/state:va/sldu:22
51023,ocd-division/country:us/state:va/sldu:23
51024,ocd-division/country:us/state:va/sldu:24
51025,ocd-division/country:us/state:va/sldu:25
51026,ocd-division/country:us/state:va/sldu:26
51027,ocd-division/country:us/state:va/sldu:27
51028,ocd-division/country:us/state:va/sldu:28
51029,ocd-division/country:us/state:va/sldu:29
51030,ocd-division/country:us/state:va/sldu:30
51031,ocd-division/country:us/state:va/sldu:31
51032,ocd-division/country:us/state:va/sldu:32
51033,ocd-division/country:us/state:va/sldu:33
51034,ocd-division/country:us/state:va/sldu:34
51035,ocd-division/country:us/state:va/sldu:35
51036,ocd-division/country:us/state:va/sldu:36
51037,ocd-division/country:us/state:va/sldu:37
51038,ocd-division/country:us/state:va/sldu:38
51039,ocd-division/country:us/state:va/sldu:39
51040,ocd-division/country:us/state:va/sldu:40
53001,ocd-division/country:us/state:wa/sldu:1
53002,ocd-division/country:us/state:wa/sldu:2
53003,ocd-division/country:us/state:wa/sldu:3
53004,ocd-division/country:us/state:wa/sldu:4
53005,ocd-division/country:us/state:wa/sldu:5
53006,ocd-division/country:us/state:wa/sldu:6
53007,ocd-division/country:us/state:wa/sldu:7
53008,ocd-division/country:us/state:wa/sldu:8
53009,ocd-division/country:us/state:wa/sldu:9
53010,ocd-division/country:us/state:wa/sldu:10
53011,ocd-division/country:us/state:wa/sldu:11
53012,ocd-division/country:us/state:wa/sldu:12
53013,ocd-division/country:us/state:wa/sldu:13
53014,ocd-division/country:us/state:wa/sldu:14
53015,ocd-division/country:us/state:wa/sldu:15
53016,ocd-division/country:us/state:wa/sldu:16
53017,ocd-division/country:us/state:wa/sldu:17
53018,ocd-division/country:us/state:wa/sldu:18
53019,ocd-division/country:us/state:wa/sldu:19
53020,ocd-division/country:us/state:wa/sldu:20
53021,ocd-division/country:us/state:wa/sldu:21
53022,ocd-division/country:us/state:wa/sldu:22
53023,ocd-division/country:us/state:wa/sldu:23
53024,ocd-division/country:us/state:wa/sldu:24
53025,ocd-division/country:us/state:wa/sldu:25
53026,ocd-division/country:us/state:wa/sldu:26
53027,ocd-division/country:us/state:wa/sldu:27
53028,ocd-division/country:us/state:wa/sldu:28
53029,ocd-division/country:us/state:wa/sldu:29
53030,ocd-division/country:us/state:wa/sldu:30
53031,ocd-division/country:us/state:wa/sldu:31
53032,ocd-division/country:us/state:wa/sldu:32
53033,ocd-division/country:us/state:wa/sldu:33
53034,ocd-division/country:us/state:wa/sldu:34
53035,ocd-division/country:us/state:wa/sldu:35
53036,ocd-division/country:us/state:wa/sldu:36
53037,ocd-division/country:us/state:wa/sldu:37
53038,ocd-division/country:us/state:wa/sldu:38
53039,ocd-division/country:us/state:wa/sldu:39
53040,ocd-division/country:us/state:wa/sldu:40
53041,ocd-division/country:us/state:wa/sldu:41
53042,ocd-division/country:us/state:wa/sldu:42
53043,ocd-division/country:us/state:wa/sldu:43
53044,ocd-division/country:us/state:wa/sldu:44
53045,ocd-division/country:us/state:wa/sldu:45
53046,ocd-division/country:us/state:wa/sldu:46
53047,ocd-division/country:us/state:wa/sldu:47
53048,ocd-division/country:us/state:wa/sldu:48
53049,ocd-division/country:us/state:wa/sldu:49
54001,ocd-division/country:us/state:wv/sldu:1
54002,ocd-division/country:us/state:wv/sldu:2
54003,ocd-division/country:us/state:wv/sldu:3
54004,ocd-division/country:us/state:wv/sldu:4
54005,ocd-division/country:us/state:wv/sldu:5
54006,ocd-division/country:us/state:wv/sldu:6
54007,ocd-division/country:us/state:wv/sldu:7
54008,ocd-division/country:us/state:wv/sldu:8
54009,ocd-division/country:us/state:wv/sldu:9
54010,ocd-division/country:us/state:wv/sldu:10
54011,ocd-division/country:us/state:wv/sldu:11
54012,ocd-division/country:us/state:wv/sldu:12
54013,ocd-division/country:us/state:wv/sldu:13
54014,ocd-division/country:us/state:wv/sldu:14
54015,ocd-division/country:us/state:wv/sldu:15
54016,ocd-division/country:us/state:wv/sldu:16
54017,ocd-division/country:us/state:wv/sldu:17
55001,ocd-division/country:us/state:wi/sldu:1
55002,ocd-division/country:us/state:wi/sldu:2
55003,ocd-division/country:us/state:wi/sldu:3
55004,ocd-division/country:us/state:wi/sldu:4
55005,ocd-division/country:us/state:wi/sldu:5
55006,ocd-division/country:us/state:wi/sldu:6
55007,ocd-division/country:us/state:wi/sldu:7
55008,ocd-division/country:us/state:wi/sldu:8
55009,ocd-division/country:us/state:wi/sldu:9
55010,ocd-division/country:us/state:wi/sldu:10
55011,ocd-division/country:us/state:wi/sldu:11
55012,ocd-division/country:us/state:wi/sldu:12
55013,ocd-division/country:us/state:wi/sldu:13
55014,ocd-division/country:us/state:wi/sldu:14
55015,ocd-division/country:us/state:wi/sldu:15
55016,ocd-division/country:us/state:wi/sldu:16
55017,ocd-division/country:us/state:wi/sldu:17
55018,ocd-division/country:us/state:wi/sldu:18
55019,ocd-division/country:us/state:wi/sldu:19
55020,ocd-division/country:us/state:wi/sldu:20
55021,ocd-division/country:us/state:wi/sldu:21
55022,ocd-division/country:us/state:wi/sldu:22
55023,ocd-division/country:us/state:wi/sldu:23
55024,ocd-division/country:us/state:wi/sldu:24
55025,ocd-division/country:us/state:wi/sldu:25
55026,ocd-division/country:us/state:wi/sldu:26
55027,ocd-division/country:us/state:wi/sldu:27
55028,ocd-division/country:us/state:wi/sldu:28
55029,ocd-division/country:us/state:wi/sldu:29
55030,ocd-division/country:us/state:wi/sldu:30
55031,ocd-division/country:us/state:wi/sldu:31
55032,ocd-division/country:us/state:wi/sldu:32
55033,ocd-division/country:us/state:wi/sldu:33
56001,ocd-division/country:us/state:wy/sldu:1
56002,ocd-division/country:us/state:wy/sldu:2
56003,ocd-division/country:us/state:wy/sldu:3
56004,ocd-division/country:us/state:wy/sldu:4
56005,ocd-division/country:us/state:wy/sldu:5
56006,ocd-division/country:us/state:wy/sldu:6
56007,ocd-division/country:us/state:wy/sldu:7
56008,ocd-division/country:us/state:wy/sldu:8
56009,ocd-division/country:us/state:wy/sldu:9
56010,ocd-division/country:us/state:wy/sldu:10
56011,ocd-division/country:us/state:wy/sldu:11
56012,ocd-division/country:us/state:wy/sldu:12
56013,ocd-division/country:us/state:wy/sldu:13
56014,ocd-division/country:us/state:wy/sldu:14
56015,ocd-division/country:us/state:wy/sldu:15
56016,ocd-division/country:us/state:wy/sldu:16
56017,ocd-division/country:us/state:wy/sldu:17
56018,ocd-division/country:us/state:wy/sldu:18
56019,ocd-division/country:us/state:wy/sldu:19
56020,ocd-division/country:us/state:wy/sldu:20
56021,ocd-division/country:us/state:wy/sldu:21
56022,ocd-division/country:us/state:wy/sldu:22
56023,ocd-division/country:us/state:wy/sldu:23
56024,ocd-division/country:us/state:wy/sldu:24
56025,ocd-division/country:us/state:wy/sldu:25
56026,ocd-division/country:us/state:wy/sldu:26
56027,ocd-division/country:us/state:wy/sldu:27
56028,ocd-division/country:us/state:wy/sldu:28
56029,ocd-division/country:us/state:wy/sldu:29
56030,ocd-division/country:us/state:wy/sldu:30
72001,ocd-division/country:us/territory:pr/sldu:1
72002,ocd-division/country:us/territory:pr/sldu:2
72003,ocd-division/country:us/territory:pr/sldu:3
72004,ocd-division/country:us/territory:pr/sldu:4
72005,ocd-division/country:us/territory:pr/sldu:5
72006,ocd-division/country:us/territory:pr/sldu:6
72007,ocd-division/country:us/territory:pr/sldu:7
72008,ocd-division/country:us/territory:pr/sldu:8
