0900715350,ocd-division/country:us/state:ct/place:clinton
0900946940,ocd-division/country:us/state:ct/place:middlebury
0900958300,ocd-division/country:us/state:ct/place:oxford
0901157040,ocd-division/country:us/state:ct/place:old_lyme
0901173770,ocd-division/country:us/state:ct/place:stonington_town
0901567400,ocd-division/country:us/state:ct/place:scotland
0900944560,ocd-division/country:us/state:ct/place:madison
0900969640,ocd-division/country:us/state:ct/place:southbury
0900962290,ocd-division/country:us/state:ct/place:prospect
0900502760,ocd-division/country:us/state:ct/place:barkhamsted
0900904580,ocd-division/country:us/state:ct/place:bethany
0900907310,ocd-division/country:us/state:ct/place:branford
0900934950,ocd-division/country:us/state:ct/place:guilford
0900914160,ocd-division/country:us/state:ct/place:cheshire
0900922910,ocd-division/country:us/state:ct/place:east_haven
0900345820,ocd-division/country:us/state:ct/place:marlborough
0900302060,ocd-division/country:us/state:ct/place:avon
0900304300,ocd-division/country:us/state:ct/place:berlin
0900305910,ocd-division/country:us/state:ct/place:bloomfield
0900310100,ocd-division/country:us/state:ct/place:burlington
0900322070,ocd-division/country:us/state:ct/place:east_granby
0900322630,ocd-division/country:us/state:ct/place:east_hartford
0900325990,ocd-division/country:us/state:ct/place:enfield
0900327600,ocd-division/country:us/state:ct/place:farmington
0900331240,ocd-division/country:us/state:ct/place:glastonbury
0900337140,ocd-division/country:us/state:ct/place:hartland
0900344700,ocd-division/country:us/state:ct/place:manchester
0900352140,ocd-division/country:us/state:ct/place:newington
0900360120,ocd-division/country:us/state:ct/place:plainville
0900368940,ocd-division/country:us/state:ct/place:simsbury
0900370550,ocd-division/country:us/state:ct/place:southington
0900371390,ocd-division/country:us/state:ct/place:south_windsor
0900382590,ocd-division/country:us/state:ct/place:west_hartford
0900384900,ocd-division/country:us/state:ct/place:wethersfield
0900387000,ocd-division/country:us/state:ct/place:windsor
0900387070,ocd-division/country:us/state:ct/place:windsor_locks
0900312270,ocd-division/country:us/state:ct/place:canton
0900967610,ocd-division/country:us/state:ct/place:seymour
0900714300,ocd-division/country:us/state:ct/place:chester
0900324800,ocd-division/country:us/state:ct/place:east_windsor
0901540500,ocd-division/country:us/state:ct/place:killingly
0901142390,ocd-division/country:us/state:ct/place:lebanon
0901143230,ocd-division/country:us/state:ct/place:lisbon
0900365370,ocd-division/country:us/state:ct/place:rocky_hill
0900374540,ocd-division/country:us/state:ct/place:suffield
0900718080,ocd-division/country:us/state:ct/place:cromwell
0900720810,ocd-division/country:us/state:ct/place:durham
0901142600,ocd-division/country:us/state:ct/place:ledyard
0900935650,ocd-division/country:us/state:ct/place:hamden
0901301080,ocd-division/country:us/state:ct/place:andover
0901316400,ocd-division/country:us/state:ct/place:columbia
0901317800,ocd-division/country:us/state:ct/place:coventry
0901344910,ocd-division/country:us/state:ct/place:mansfield
0900565930,ocd-division/country:us/state:ct/place:roxbury
0900566420,ocd-division/country:us/state:ct/place:salisbury
0900953890,ocd-division/country:us/state:ct/place:north_branford
0900954870,ocd-division/country:us/state:ct/place:north_haven
0900957600,ocd-division/country:us/state:ct/place:orange
0900978740,ocd-division/country:us/state:ct/place:wallingford
0900987700,ocd-division/country:us/state:ct/place:woodbridge
0900332640,ocd-division/country:us/state:ct/place:granby
0901536000,ocd-division/country:us/state:ct/place:hampton
0900781680,ocd-division/country:us/state:ct/place:westbrook
0900719130,ocd-division/country:us/state:ct/place:deep_river
0900722280,ocd-division/country:us/state:ct/place:east_haddam
0900722490,ocd-division/country:us/state:ct/place:east_hampton
0901106820,ocd-division/country:us/state:ct/place:bozrah
0901115910,ocd-division/country:us/state:ct/place:colchester
0901123400,ocd-division/country:us/state:ct/place:east_lyme
0901129910,ocd-division/country:us/state:ct/place:franklin
0901133900,ocd-division/country:us/state:ct/place:griswold
0901134250,ocd-division/country:us/state:ct/place:groton_town
0901144210,ocd-division/country:us/state:ct/place:lyme
0901148900,ocd-division/country:us/state:ct/place:montville
0901155500,ocd-division/country:us/state:ct/place:north_stonington
0900726270,ocd-division/country:us/state:ct/place:essex
0900735230,ocd-division/country:us/state:ct/place:haddam
0900740710,ocd-division/country:us/state:ct/place:killingworth
0901162150,ocd-division/country:us/state:ct/place:preston
0900747080,ocd-division/country:us/state:ct/place:middlefield
0900757320,ocd-division/country:us/state:ct/place:old_saybrook
0900761800,ocd-division/country:us/state:ct/place:portland
0901306260,ocd-division/country:us/state:ct/place:bolton
0901325360,ocd-division/country:us/state:ct/place:ellington
0901337910,ocd-division/country:us/state:ct/place:hebron
0901369220,ocd-division/country:us/state:ct/place:somers
0901372090,ocd-division/country:us/state:ct/place:stafford
0901376290,ocd-division/country:us/state:ct/place:tolland
0901377830,ocd-division/country:us/state:ct/place:union
0901378250,ocd-division/country:us/state:ct/place:vernon
0901385950,ocd-division/country:us/state:ct/place:willington
0900504930,ocd-division/country:us/state:ct/place:bethlehem
0900508210,ocd-division/country:us/state:ct/place:bridgewater
0900510940,ocd-division/country:us/state:ct/place:canaan
0900516050,ocd-division/country:us/state:ct/place:colebrook
0901501430,ocd-division/country:us/state:ct/place:ashford
0901509190,ocd-division/country:us/state:ct/place:brooklyn
0901512130,ocd-division/country:us/state:ct/place:canterbury
0901513810,ocd-division/country:us/state:ct/place:chaplin
0900517240,ocd-division/country:us/state:ct/place:cornwall
0900532290,ocd-division/country:us/state:ct/place:goshen
0900537280,ocd-division/country:us/state:ct/place:harwinton
0900540290,ocd-division/country:us/state:ct/place:kent
0900549460,ocd-division/country:us/state:ct/place:morris
0901521860,ocd-division/country:us/state:ct/place:eastford
0901559980,ocd-division/country:us/state:ct/place:plainfield
0901561030,ocd-division/country:us/state:ct/place:pomfret
0900543370,ocd-division/country:us/state:ct/place:litchfield_town
0900551350,ocd-division/country:us/state:ct/place:new_hartford
0900552630,ocd-division/country:us/state:ct/place:new_milford
0900553470,ocd-division/country:us/state:ct/place:norfolk
0900554030,ocd-division/country:us/state:ct/place:north_canaan
0900567960,ocd-division/country:us/state:ct/place:sharon
0900575730,ocd-division/country:us/state:ct/place:thomaston
0900579510,ocd-division/country:us/state:ct/place:warren
0900579720,ocd-division/country:us/state:ct/place:washington
0900580490,ocd-division/country:us/state:ct/place:watertown
0900586440,ocd-division/country:us/state:ct/place:winchester
0900587910,ocd-division/country:us/state:ct/place:woodbury
0900987560,ocd-division/country:us/state:ct/place:wolcott
0901573420,ocd-division/country:us/state:ct/place:sterling
0901575870,ocd-division/country:us/state:ct/place:thompson
0901588190,ocd-division/country:us/state:ct/place:woodstock
0900903250,ocd-division/country:us/state:ct/place:beacon_falls
0901166210,ocd-division/country:us/state:ct/place:salem
0901171670,ocd-division/country:us/state:ct/place:sprague
0901178600,ocd-division/country:us/state:ct/place:voluntown
0901180280,ocd-division/country:us/state:ct/place:waterford
0901562710,ocd-division/country:us/state:ct/place:putnam
0901586790,ocd-division/country:us/state:ct/place:windham
0900560750,ocd-division/country:us/state:ct/place:plymouth
0900104720,ocd-division/country:us/state:ct/place:bethel
0900108980,ocd-division/country:us/state:ct/place:brookfield
0900118850,ocd-division/country:us/state:ct/place:darien
0900123890,ocd-division/country:us/state:ct/place:easton
0900126620,ocd-division/country:us/state:ct/place:fairfield
0900133620,ocd-division/country:us/state:ct/place:greenwich
0900148620,ocd-division/country:us/state:ct/place:monroe
0900150580,ocd-division/country:us/state:ct/place:new_canaan
0900150860,ocd-division/country:us/state:ct/place:new_fairfield
0900152980,ocd-division/country:us/state:ct/place:newtown_town
0900163970,ocd-division/country:us/state:ct/place:ridgefield
0900168310,ocd-division/country:us/state:ct/place:sherman
0900174190,ocd-division/country:us/state:ct/place:stratford
0900177200,ocd-division/country:us/state:ct/place:trumbull
0900183430,ocd-division/country:us/state:ct/place:weston
0900183500,ocd-division/country:us/state:ct/place:westport
0900186370,ocd-division/country:us/state:ct/place:wilton
0900163480,ocd-division/country:us/state:ct/place:redding
2300710740,ocd-division/country:us/state:me/place:carrabassett_valley
2301546335,ocd-division/country:us/state:me/place:monhegan
2301168385,ocd-division/country:us/state:me/place:sidney
2301701325,ocd-division/country:us/state:me/place:andover
2301754000,ocd-division/country:us/state:me/place:norway
2302900380,ocd-division/country:us/state:me/place:addison
2302917355,ocd-division/country:us/state:me/place:dennysville
2302936010,ocd-division/country:us/state:me/place:jonesport
2302942100,ocd-division/country:us/state:me/place:machiasport
2302958165,ocd-division/country:us/state:me/place:perry
2302975770,ocd-division/country:us/state:me/place:talmadge
2302524320,ocd-division/country:us/state:me/place:fairfield
2302928660,ocd-division/country:us/state:me/place:grand_lake_stream
2302935905,ocd-division/country:us/state:me/place:jonesboro
2302941610,ocd-division/country:us/state:me/place:lubec
2302941960,ocd-division/country:us/state:me/place:machias
2302951375,ocd-division/country:us/state:me/place:northfield
2302957780,ocd-division/country:us/state:me/place:pembroke
2302961035,ocd-division/country:us/state:me/place:princeton
2303100730,ocd-division/country:us/state:me/place:alfred
2303109410,ocd-division/country:us/state:me/place:buxton
2303133665,ocd-division/country:us/state:me/place:hollis
2303137270,ocd-division/country:us/state:me/place:kittery
2303148750,ocd-division/country:us/state:me/place:newfield
2303180530,ocd-division/country:us/state:me/place:waterboro
2303181475,ocd-division/country:us/state:me/place:wells
2300508430,ocd-division/country:us/state:me/place:brunswick
2300511125,ocd-division/country:us/state:me/place:casco
2300526525,ocd-division/country:us/state:me/place:freeport
2300528240,ocd-division/country:us/state:me/place:gorham
2300531390,ocd-division/country:us/state:me/place:harpswell
2300531600,ocd-division/country:us/state:me/place:harrison
2300548085,ocd-division/country:us/state:me/place:naples
2300566775,ocd-division/country:us/state:me/place:sebago
2300573670,ocd-division/country:us/state:me/place:standish
2300587845,ocd-division/country:us/state:me/place:yarmouth
2301774685,ocd-division/country:us/state:me/place:stow
2301727505,ocd-division/country:us/state:me/place:gilead
2301731670,ocd-division/country:us/state:me/place:hartford
2301733315,ocd-division/country:us/state:me/place:hiram
2301741365,ocd-division/country:us/state:me/place:lovell
2301778465,ocd-division/country:us/state:me/place:upton
2301104475,ocd-division/country:us/state:me/place:benton
2301161700,ocd-division/country:us/state:me/place:randolph
2301774510,ocd-division/country:us/state:me/place:stoneham
2302100100,ocd-division/country:us/state:me/place:abbot
2302376960,ocd-division/country:us/state:me/place:topsham
2302501395,ocd-division/country:us/state:me/place:anson
2302501885,ocd-division/country:us/state:me/place:athens
2302507380,ocd-division/country:us/state:me/place:brighton
2302509935,ocd-division/country:us/state:me/place:canaan
2302510495,ocd-division/country:us/state:me/place:caratunk
2302517285,ocd-division/country:us/state:me/place:dennistown
2302517460,ocd-division/country:us/state:me/place:detroit
2302523410,ocd-division/country:us/state:me/place:embden
2302531355,ocd-division/country:us/state:me/place:harmony
2302532895,ocd-division/country:us/state:me/place:highland
2302535345,ocd-division/country:us/state:me/place:jackman
2302542660,ocd-division/country:us/state:me/place:madison
2302545110,ocd-division/country:us/state:me/place:mercer
2302549835,ocd-division/country:us/state:me/place:norridgewock
2302556520,ocd-division/country:us/state:me/place:palmyra
2302559005,ocd-division/country:us/state:me/place:pittsfield
2302559705,ocd-division/country:us/state:me/place:pleasant_ridge
2302564850,ocd-division/country:us/state:me/place:st_albans
2302568910,ocd-division/country:us/state:me/place:skowhegan
2302569155,ocd-division/country:us/state:me/place:smithfield
2300901185,ocd-division/country:us/state:me/place:amherst
2300902165,ocd-division/country:us/state:me/place:aurora
2302569505,ocd-division/country:us/state:me/place:solon
2302573845,ocd-division/country:us/state:me/place:starks
2302576190,ocd-division/country:us/state:me/place:the_forks
2301180880,ocd-division/country:us/state:me/place:wayne
2301100590,ocd-division/country:us/state:me/place:albion
2301104020,ocd-division/country:us/state:me/place:belgrade
2301333840,ocd-division/country:us/state:me/place:hope
2300326735,ocd-division/country:us/state:me/place:frenchville
2300327855,ocd-division/country:us/state:me/place:glenwood
2300330725,ocd-division/country:us/state:me/place:hammond
2300332195,ocd-division/country:us/state:me/place:haynesville
2300332685,ocd-division/country:us/state:me/place:hersey
2300379865,ocd-division/country:us/state:me/place:wallagrass
2300380285,ocd-division/country:us/state:me/place:washburn
2300383540,ocd-division/country:us/state:me/place:westmanland
2301901115,ocd-division/country:us/state:me/place:alton
2301914380,ocd-division/country:us/state:me/place:corinth
2301934365,ocd-division/country:us/state:me/place:hudson
2300383785,ocd-division/country:us/state:me/place:weston
2300387215,ocd-division/country:us/state:me/place:woodland
2300311335,ocd-division/country:us/state:me/place:caswell
2300325755,ocd-division/country:us/state:me/place:fort_kent
2300333385,ocd-division/country:us/state:me/place:hodgdon
2300335065,ocd-division/country:us/state:me/place:island_falls
2301708150,ocd-division/country:us/state:me/place:brownfield
2301708710,ocd-division/country:us/state:me/place:buckfield
2300734820,ocd-division/country:us/state:me/place:industry
2301112350,ocd-division/country:us/state:me/place:chelsea
2301112735,ocd-division/country:us/state:me/place:china
2301113470,ocd-division/country:us/state:me/place:clinton
2301124670,ocd-division/country:us/state:me/place:farmingdale
2300333980,ocd-division/country:us/state:me/place:houlton
2300339300,ocd-division/country:us/state:me/place:limestone
2300339965,ocd-division/country:us/state:me/place:linneus
2300340595,ocd-division/country:us/state:me/place:littleton
2300342450,ocd-division/country:us/state:me/place:macwahoc
2300342520,ocd-division/country:us/state:me/place:madawaska
2300300800,ocd-division/country:us/state:me/place:allagash
2300301220,ocd-division/country:us/state:me/place:amity
2300301710,ocd-division/country:us/state:me/place:ashland
2300343255,ocd-division/country:us/state:me/place:mapleton
2300343710,ocd-division/country:us/state:me/place:mars_hill
2300346685,ocd-division/country:us/state:me/place:monticello
2300347175,ocd-division/country:us/state:me/place:moro
2300302760,ocd-division/country:us/state:me/place:bancroft
2300305385,ocd-division/country:us/state:me/place:blaine
2300515430,ocd-division/country:us/state:me/place:cumberland
2300307065,ocd-division/country:us/state:me/place:bridgewater
2300311020,ocd-division/country:us/state:me/place:cary
2300349415,ocd-division/country:us/state:me/place:new_sweden
2300354385,ocd-division/country:us/state:me/place:oakfield
2300355435,ocd-division/country:us/state:me/place:orient
2301124950,ocd-division/country:us/state:me/place:fayette
2301143080,ocd-division/country:us/state:me/place:manchester
2301146405,ocd-division/country:us/state:me/place:monmouth
2301154560,ocd-division/country:us/state:me/place:oakland
2300330690,ocd-division/country:us/state:me/place:hamlin
2300364780,ocd-division/country:us/state:me/place:st_agatha
2300312000,ocd-division/country:us/state:me/place:chapman
2300315990,ocd-division/country:us/state:me/place:cyr
2300319210,ocd-division/country:us/state:me/place:dyer_brook
2300321380,ocd-division/country:us/state:me/place:easton
2300325615,ocd-division/country:us/state:me/place:fort_fairfield
2300365200,ocd-division/country:us/state:me/place:st_john
2300367790,ocd-division/country:us/state:me/place:sherman
2300369260,ocd-division/country:us/state:me/place:smyrna
2301710005,ocd-division/country:us/state:me/place:canton
2301717250,ocd-division/country:us/state:me/place:denmark
2301717740,ocd-division/country:us/state:me/place:dixfield
2301726910,ocd-division/country:us/state:me/place:fryeburg
2300378570,ocd-division/country:us/state:me/place:van_buren
2300379270,ocd-division/country:us/state:me/place:wade
2301729710,ocd-division/country:us/state:me/place:greenwood
2301731110,ocd-division/country:us/state:me/place:hanover
2300702235,ocd-division/country:us/state:me/place:avon
2300716165,ocd-division/country:us/state:me/place:dallas
2300724005,ocd-division/country:us/state:me/place:eustis
2300724775,ocd-division/country:us/state:me/place:farmington
2300735625,ocd-division/country:us/state:me/place:jay
2301159110,ocd-division/country:us/state:me/place:pittston
2301163835,ocd-division/country:us/state:me/place:rome
2301178745,ocd-division/country:us/state:me/place:vassalboro
2301732370,ocd-division/country:us/state:me/place:hebron
2301739422,ocd-division/country:us/state:me/place:lincoln_plantation
2301742835,ocd-division/country:us/state:me/place:magalloway
2301745285,ocd-division/country:us/state:me/place:mexico
2301749275,ocd-division/country:us/state:me/place:newry
2302547455,ocd-division/country:us/state:me/place:moscow
2302582840,ocd-division/country:us/state:me/place:west_forks
2300749345,ocd-division/country:us/state:me/place:new_sharon
2300749520,ocd-division/country:us/state:me/place:new_vineyard
2300761875,ocd-division/country:us/state:me/place:rangeley_plantation
2300774825,ocd-division/country:us/state:me/place:strong
2301179025,ocd-division/country:us/state:me/place:vienna
2301186165,ocd-division/country:us/state:me/place:windsor
2301186515,ocd-division/country:us/state:me/place:winslow
2301756310,ocd-division/country:us/state:me/place:oxford
2301758270,ocd-division/country:us/state:me/place:peru
2301760405,ocd-division/country:us/state:me/place:porter
2301764290,ocd-division/country:us/state:me/place:rumford
2301704825,ocd-division/country:us/state:me/place:bethel
2301186970,ocd-division/country:us/state:me/place:winthrop
2301775595,ocd-division/country:us/state:me/place:sweden
2301780635,ocd-division/country:us/state:me/place:waterford
2300781300,ocd-division/country:us/state:me/place:weld
2300785850,ocd-division/country:us/state:me/place:wilton
2301709550,ocd-division/country:us/state:me/place:byron
2301755960,ocd-division/country:us/state:me/place:otisfield
2301775035,ocd-division/country:us/state:me/place:sumner
2300775980,ocd-division/country:us/state:me/place:temple
2300714205,ocd-division/country:us/state:me/place:coplin
2302327295,ocd-division/country:us/state:me/place:georgetown
2302779480,ocd-division/country:us/state:me/place:waldo
2302709270,ocd-division/country:us/state:me/place:burnham
2302726280,ocd-division/country:us/state:me/place:frankfort
2302726420,ocd-division/country:us/state:me/place:freedom
2302735450,ocd-division/country:us/state:me/place:jackson
2301162190,ocd-division/country:us/state:me/place:readfield
2302739055,ocd-division/country:us/state:me/place:liberty
2302746475,ocd-division/country:us/state:me/place:monroe
2302746790,ocd-division/country:us/state:me/place:montville
2302747245,ocd-division/country:us/state:me/place:morrill
2302752845,ocd-division/country:us/state:me/place:northport
2302756450,ocd-division/country:us/state:me/place:palermo
2302920960,ocd-division/country:us/state:me/place:east_machias
2302761210,ocd-division/country:us/state:me/place:prospect
2302766635,ocd-division/country:us/state:me/place:searsport
2302775525,ocd-division/country:us/state:me/place:swanville
2302776610,ocd-division/country:us/state:me/place:thorndike
2302777625,ocd-division/country:us/state:me/place:troy
2302786760,ocd-division/country:us/state:me/place:winterport
2302306365,ocd-division/country:us/state:me/place:bowdoinham
2302362645,ocd-division/country:us/state:me/place:richmond
2302381930,ocd-division/country:us/state:me/place:west_bath
2300761840,ocd-division/country:us/state:me/place:rangeley_town
2302301570,ocd-division/country:us/state:me/place:arrowsic
2300758445,ocd-division/country:us/state:me/place:phillips
2302963275,ocd-division/country:us/state:me/place:robbinston
2302963940,ocd-division/country:us/state:me/place:roque_bluffs
2302974125,ocd-division/country:us/state:me/place:steuben
2302976895,ocd-division/country:us/state:me/place:topsfield
2302978675,ocd-division/country:us/state:me/place:vanceboro
2302979375,ocd-division/country:us/state:me/place:waite
2302106400,ocd-division/country:us/state:me/place:bowerbank
2302108325,ocd-division/country:us/state:me/place:brownville
2302118195,ocd-division/country:us/state:me/place:dover-foxcroft
2302166950,ocd-division/country:us/state:me/place:sebec
2302185710,ocd-division/country:us/state:me/place:willimantic
2301501010,ocd-division/country:us/state:me/place:alna
2301506050,ocd-division/country:us/state:me/place:boothbay
2301506120,ocd-division/country:us/state:me/place:boothbay_harbor
2302981685,ocd-division/country:us/state:me/place:wesley
2302985185,ocd-division/country:us/state:me/place:whiting
2302945600,ocd-division/country:us/state:me/place:milbridge
2301944340,ocd-division/country:us/state:me/place:maxfield
2301945670,ocd-division/country:us/state:me/place:milford
2301957150,ocd-division/country:us/state:me/place:patten
2301506855,ocd-division/country:us/state:me/place:bremen
2301507485,ocd-division/country:us/state:me/place:bristol
2301516235,ocd-division/country:us/state:me/place:damariscotta
2301518475,ocd-division/country:us/state:me/place:dresden
2301522675,ocd-division/country:us/state:me/place:edgecomb
2301535695,ocd-division/country:us/state:me/place:jefferson
2300348575,ocd-division/country:us/state:me/place:new_canada
2302735240,ocd-division/country:us/state:me/place:islesboro
2302704125,ocd-division/country:us/state:me/place:belmont
2300328590,ocd-division/country:us/state:me/place:grand_isle
2300341715,ocd-division/country:us/state:me/place:ludlow
2300343990,ocd-division/country:us/state:me/place:masardis
2300345180,ocd-division/country:us/state:me/place:merrill
2300348120,ocd-division/country:us/state:me/place:nashville
2300362400,ocd-division/country:us/state:me/place:reed
2300365025,ocd-division/country:us/state:me/place:st_francis
2300382770,ocd-division/country:us/state:me/place:westfield
2301909200,ocd-division/country:us/state:me/place:burlington
2301910810,ocd-division/country:us/state:me/place:carroll
2301912105,ocd-division/country:us/state:me/place:charleston
2300348960,ocd-division/country:us/state:me/place:new_limerick
2301764185,ocd-division/country:us/state:me/place:roxbury
2302902480,ocd-division/country:us/state:me/place:baileyville
2302931530,ocd-division/country:us/state:me/place:harrington
2302943640,ocd-division/country:us/state:me/place:marshfield
2301783890,ocd-division/country:us/state:me/place:west_paris
2300138565,ocd-division/country:us/state:me/place:leeds
2300140665,ocd-division/country:us/state:me/place:livermore
2300160020,ocd-division/country:us/state:me/place:poland
2301548645,ocd-division/country:us/state:me/place:newcastle
2301549660,ocd-division/country:us/state:me/place:nobleboro
2301569645,ocd-division/country:us/state:me/place:somerville
2301570240,ocd-division/country:us/state:me/place:south_bristol
2301571955,ocd-division/country:us/state:me/place:southport
2301584140,ocd-division/country:us/state:me/place:westport_island
2300140770,ocd-division/country:us/state:me/place:livermore_falls
2302562995,ocd-division/country:us/state:me/place:ripley
2300955890,ocd-division/country:us/state:me/place:otis
2300980040,ocd-division/country:us/state:me/place:waltham
2302509655,ocd-division/country:us/state:me/place:cambridge
2300907975,ocd-division/country:us/state:me/place:brooksville
2300917145,ocd-division/country:us/state:me/place:deer_isle
2300930970,ocd-division/country:us/state:me/place:hancock
2300943430,ocd-division/country:us/state:me/place:mariaville
2302514555,ocd-division/country:us/state:me/place:cornville
2302531740,ocd-division/country:us/state:me/place:hartland
2302547140,ocd-division/country:us/state:me/place:moose_river
2301585010,ocd-division/country:us/state:me/place:whitefield
2301587075,ocd-division/country:us/state:me/place:wiscasset
2301974055,ocd-division/country:us/state:me/place:stetson
2302707870,ocd-division/country:us/state:me/place:brooks
2300765655,ocd-division/country:us/state:me/place:sandy_river
2300712595,ocd-division/country:us/state:me/place:chesterville
2302902970,ocd-division/country:us/state:me/place:baring
2302912175,ocd-division/country:us/state:me/place:charlotte
2302913610,ocd-division/country:us/state:me/place:codyville
2302737585,ocd-division/country:us/state:me/place:knox
2302739755,ocd-division/country:us/state:me/place:lincolnville
2302766565,ocd-division/country:us/state:me/place:searsmont
2302778255,ocd-division/country:us/state:me/place:unity
2301787355,ocd-division/country:us/state:me/place:woodstock
2302913750,ocd-division/country:us/state:me/place:columbia
2302914100,ocd-division/country:us/state:me/place:cooper
2302914940,ocd-division/country:us/state:me/place:crawford
2302915920,ocd-division/country:us/state:me/place:cutler
2302156765,ocd-division/country:us/state:me/place:parkman
2302916410,ocd-division/country:us/state:me/place:danforth
2300737025,ocd-division/country:us/state:me/place:kingfield
2302358515,ocd-division/country:us/state:me/place:phippsburg
2302387460,ocd-division/country:us/state:me/place:woolwich
2300140035,ocd-division/country:us/state:me/place:lisbon
2300146160,ocd-division/country:us/state:me/place:minot
2300177800,ocd-division/country:us/state:me/place:turner
2301955680,ocd-division/country:us/state:me/place:orrington
2301978780,ocd-division/country:us/state:me/place:veazie
2301924110,ocd-division/country:us/state:me/place:exeter
2301973250,ocd-division/country:us/state:me/place:springfield
2301301465,ocd-division/country:us/state:me/place:appleton
2301326805,ocd-division/country:us/state:me/place:friendship
2301378115,ocd-division/country:us/state:me/place:union
2301917950,ocd-division/country:us/state:me/place:dixmont
2302903670,ocd-division/country:us/state:me/place:beals
2301579550,ocd-division/country:us/state:me/place:waldoboro
2302912455,ocd-division/country:us/state:me/place:cherryfield
2302913820,ocd-division/country:us/state:me/place:columbia_falls
2301335135,ocd-division/country:us/state:me/place:isle_au_haut
2301351620,ocd-division/country:us/state:me/place:north_haven
2301356135,ocd-division/country:us/state:me/place:owls_head
2301363660,ocd-division/country:us/state:me/place:rockport
2302137095,ocd-division/country:us/state:me/place:kingsbury
2302146020,ocd-division/country:us/state:me/place:milo
2302146580,ocd-division/country:us/state:me/place:monson
2302165865,ocd-division/country:us/state:me/place:sangerville
2300710915,ocd-division/country:us/state:me/place:carthage
2301365130,ocd-division/country:us/state:me/place:st_george
2301372585,ocd-division/country:us/state:me/place:south_thomaston
2301376365,ocd-division/country:us/state:me/place:thomaston
2301379130,ocd-division/country:us/state:me/place:vinalhaven
2302181405,ocd-division/country:us/state:me/place:wellington
2301380215,ocd-division/country:us/state:me/place:warren
2302103740,ocd-division/country:us/state:me/place:beaver_cove
2302144830,ocd-division/country:us/state:me/place:medford
2301937760,ocd-division/country:us/state:me/place:lagrange
2301936325,ocd-division/country:us/state:me/place:kenduskeag
2300905700,ocd-division/country:us/state:me/place:blue_hill
2301938705,ocd-division/country:us/state:me/place:levant
2300907800,ocd-division/country:us/state:me/place:brooklin
2300908815,ocd-division/country:us/state:me/place:bucksport
2300911265,ocd-division/country:us/state:me/place:castine
2300914905,ocd-division/country:us/state:me/place:cranberry_isles
2300916935,ocd-division/country:us/state:me/place:dedham
2300919770,ocd-division/country:us/state:me/place:eastbrook
2303101605,ocd-division/country:us/state:me/place:arundel
2303114485,ocd-division/country:us/state:me/place:cornish
2303116725,ocd-division/country:us/state:me/place:dayton
2303122955,ocd-division/country:us/state:me/place:eliot
2303139195,ocd-division/country:us/state:me/place:limerick
2300926350,ocd-division/country:us/state:me/place:franklin
2300926595,ocd-division/country:us/state:me/place:frenchboro
2300928975,ocd-division/country:us/state:me/place:great_pond
2300938180,ocd-division/country:us/state:me/place:lamoine
2303139405,ocd-division/country:us/state:me/place:limington
2303141750,ocd-division/country:us/state:me/place:lyman
2303150325,ocd-division/country:us/state:me/place:north_berwick
2303154980,ocd-division/country:us/state:me/place:ogunquit
2300947630,ocd-division/country:us/state:me/place:mount_desert
2300955505,ocd-division/country:us/state:me/place:orland
2300957920,ocd-division/country:us/state:me/place:penobscot
2300967300,ocd-division/country:us/state:me/place:sedgwick
2303155085,ocd-division/country:us/state:me/place:old_orchard_beach
2303156870,ocd-division/country:us/state:me/place:parsonsfield
2303170030,ocd-division/country:us/state:me/place:south_berwick
2303136745,ocd-division/country:us/state:me/place:kennebunkport
2303138425,ocd-division/country:us/state:me/place:lebanon
2300969750,ocd-division/country:us/state:me/place:sorrento
2300972865,ocd-division/country:us/state:me/place:southwest_harbor
2300974580,ocd-division/country:us/state:me/place:stonington
2300975280,ocd-division/country:us/state:me/place:surry
2300975455,ocd-division/country:us/state:me/place:swans_island
2300977345,ocd-division/country:us/state:me/place:tremont
2300977415,ocd-division/country:us/state:me/place:trenton
2300978925,ocd-division/country:us/state:me/place:verona_island
2300986655,ocd-division/country:us/state:me/place:winter_harbor
2300902865,ocd-division/country:us/state:me/place:bar_harbor
2300955855,ocd-division/country:us/state:me/place:osborn
2300974965,ocd-division/country:us/state:me/place:sullivan
2300311300,ocd-division/country:us/state:me/place:castle_hill
2300327120,ocd-division/country:us/state:me/place:garfield
2301939475,ocd-division/country:us/state:me/place:lincoln_town
2301941435,ocd-division/country:us/state:me/place:lowell
2300502655,ocd-division/country:us/state:me/place:baldwin
2301906575,ocd-division/country:us/state:me/place:bradford
2301906680,ocd-division/country:us/state:me/place:bradley
2301910670,ocd-division/country:us/state:me/place:carmel
2301944270,ocd-division/country:us/state:me/place:mattawamkeag
2301945810,ocd-division/country:us/state:me/place:millinocket
2301948505,ocd-division/country:us/state:me/place:newburgh
2301949065,ocd-division/country:us/state:me/place:newport
2301955565,ocd-division/country:us/state:me/place:orono
2300528870,ocd-division/country:us/state:me/place:gray
2300541067,ocd-division/country:us/state:me/place:long_island
2300566145,ocd-division/country:us/state:me/place:scarborough
2300586025,ocd-division/country:us/state:me/place:windham
2300507170,ocd-division/country:us/state:me/place:bridgton
2300510180,ocd-division/country:us/state:me/place:cape_elizabeth
2300524495,ocd-division/country:us/state:me/place:falmouth
2300527025,ocd-division/country:us/state:me/place:frye_island
2300386865,ocd-division/country:us/state:me/place:winterville
2301912525,ocd-division/country:us/state:me/place:chester
2301913365,ocd-division/country:us/state:me/place:clifton
2301914310,ocd-division/country:us/state:me/place:corinna
2301917530,ocd-division/country:us/state:me/place:dexter
2301918580,ocd-division/country:us/state:me/place:drew
2301921030,ocd-division/country:us/state:me/place:east_millinocket
2301957045,ocd-division/country:us/state:me/place:passadumkeag
2301959950,ocd-division/country:us/state:me/place:plymouth
2300512300,ocd-division/country:us/state:me/place:chebeague_island
2300928450,ocd-division/country:us/state:me/place:gouldsboro
2300144585,ocd-division/country:us/state:me/place:mechanic_falls
2301922535,ocd-division/country:us/state:me/place:eddington
2300319420,ocd-division/country:us/state:me/place:eagle_lake
2300548820,ocd-division/country:us/state:me/place:new_gloucester
2301922710,ocd-division/country:us/state:me/place:edinburg
2301923620,ocd-division/country:us/state:me/place:enfield
2301923865,ocd-division/country:us/state:me/place:etna
2301927190,ocd-division/country:us/state:me/place:garland
2301927645,ocd-division/country:us/state:me/place:glenburn
2301967160,ocd-division/country:us/state:me/place:seboeis
2301973600,ocd-division/country:us/state:me/place:stacyville
2301981055,ocd-division/country:us/state:me/place:webster
2301986305,ocd-division/country:us/state:me/place:winn
2301987390,ocd-division/country:us/state:me/place:woodville
2301344165,ocd-division/country:us/state:me/place:matinicus_isle
2300553860,ocd-division/country:us/state:me/place:north_yarmouth
2300560685,ocd-division/country:us/state:me/place:pownal
2301929185,ocd-division/country:us/state:me/place:greenbush
2301930795,ocd-division/country:us/state:me/place:hampden
2301932510,ocd-division/country:us/state:me/place:hermon
2301933490,ocd-division/country:us/state:me/place:holden
2301934190,ocd-division/country:us/state:me/place:howland
2300561945,ocd-division/country:us/state:me/place:raymond
2300356205,ocd-division/country:us/state:me/place:oxbow
2300374405,ocd-division/country:us/state:me/place:stockholm
2300315395,ocd-division/country:us/state:me/place:crystal
2300119105,ocd-division/country:us/state:me/place:durham
2300129255,ocd-division/country:us/state:me/place:greene
2300358060,ocd-division/country:us/state:me/place:perham
2300360300,ocd-division/country:us/state:me/place:portage_lake
2302774475,ocd-division/country:us/state:me/place:stockton_springs
2302505000,ocd-division/country:us/state:me/place:bingham
2302549205,ocd-division/country:us/state:me/place:new_portland
2300164570,ocd-division/country:us/state:me/place:sabattus
2300179585,ocd-division/country:us/state:me/place:wales
2302306260,ocd-division/country:us/state:me/place:bowdoin
2301380425,ocd-division/country:us/state:me/place:washington
2301938005,ocd-division/country:us/state:me/place:lakeville
2301945005,ocd-division/country:us/state:me/place:medway
2301947560,ocd-division/country:us/state:me/place:mount_chase
2301938530,ocd-division/country:us/state:me/place:lee
2301309725,ocd-division/country:us/state:me/place:camden
2301315780,ocd-division/country:us/state:me/place:cushing
2302101920,ocd-division/country:us/state:me/place:atkinson
2302129535,ocd-division/country:us/state:me/place:greenville
2302130095,ocd-division/country:us/state:me/place:guilford
2303100275,ocd-division/country:us/state:me/place:acton
2303104720,ocd-division/country:us/state:me/place:berwick
2303136535,ocd-division/country:us/state:me/place:kennebunk
2303167475,ocd-division/country:us/state:me/place:shapleigh
2303187985,ocd-division/country:us/state:me/place:york
2301182945,ocd-division/country:us/state:me/place:west_gardiner
2301140175,ocd-division/country:us/state:me/place:litchfield
2301147770,ocd-division/country:us/state:me/place:mount_vernon
2301756625,ocd-division/country:us/state:me/place:paris
2302168140,ocd-division/country:us/state:me/place:shirley
2302137970,ocd-division/country:us/state:me/place:lake_view
2302900660,ocd-division/country:us/state:me/place:alexander
2302903810,ocd-division/country:us/state:me/place:beddington
2302916865,ocd-division/country:us/state:me/place:deblois
2302944760,ocd-division/country:us/state:me/place:meddybemps
2302985290,ocd-division/country:us/state:me/place:whitneyville
2502328285,ocd-division/country:us/state:ma/place:hanover
2502338855,ocd-division/country:us/state:ma/place:marshfield
2502350145,ocd-division/country:us/state:ma/place:norwell
2502372985,ocd-division/country:us/state:ma/place:wareham
2500300975,ocd-division/country:us/state:ma/place:alford
2500334970,ocd-division/country:us/state:ma/place:lenox
2500344385,ocd-division/country:us/state:ma/place:new_ashford
2500351580,ocd-division/country:us/state:ma/place:otis
2500359665,ocd-division/country:us/state:ma/place:sandisfield
2500379985,ocd-division/country:us/state:ma/place:williamstown
2500516425,ocd-division/country:us/state:ma/place:dartmouth
2500525240,ocd-division/country:us/state:ma/place:freetown
2500556060,ocd-division/country:us/state:ma/place:raynham
2500568750,ocd-division/country:us/state:ma/place:swansea
2501121780,ocd-division/country:us/state:ma/place:erving
2501342145,ocd-division/country:us/state:ma/place:monson
2501365825,ocd-division/country:us/state:ma/place:southwick
2501552560,ocd-division/country:us/state:ma/place:pelham
2502174175,ocd-division/country:us/state:ma/place:wellesley
2502773895,ocd-division/country:us/state:ma/place:webster
2502775155,ocd-division/country:us/state:ma/place:west_boylston
2502741585,ocd-division/country:us/state:ma/place:millville
2502703740,ocd-division/country:us/state:ma/place:barre
2502730945,ocd-division/country:us/state:ma/place:hopedale
2502734165,ocd-division/country:us/state:ma/place:lancaster
2502728950,ocd-division/country:us/state:ma/place:harvard
2502753225,ocd-division/country:us/state:ma/place:phillipston
2502753120,ocd-division/country:us/state:ma/place:petersham
2502728740,ocd-division/country:us/state:ma/place:hardwick
2502741165,ocd-division/country:us/state:ma/place:milford
2502328495,ocd-division/country:us/state:ma/place:hanson
2502375260,ocd-division/country:us/state:ma/place:west_bridgewater
2502379530,ocd-division/country:us/state:ma/place:whitman
2502340850,ocd-division/country:us/state:ma/place:middleborough
2502357600,ocd-division/country:us/state:ma/place:rochester
2502705490,ocd-division/country:us/state:ma/place:berlin
2500916250,ocd-division/country:us/state:ma/place:danvers
2500927900,ocd-division/country:us/state:ma/place:hamilton
2500945175,ocd-division/country:us/state:ma/place:newbury
2500932310,ocd-division/country:us/state:ma/place:ipswich
2500941095,ocd-division/country:us/state:ma/place:middleton
2500958405,ocd-division/country:us/state:ma/place:rowley
2501513590,ocd-division/country:us/state:ma/place:chesterfield
2501516040,ocd-division/country:us/state:ma/place:cummington
2501526290,ocd-division/country:us/state:ma/place:goshen
2502104930,ocd-division/country:us/state:ma/place:bellingham
2502109175,ocd-division/country:us/state:ma/place:brookline
2502111315,ocd-division/country:us/state:ma/place:canton
2502114640,ocd-division/country:us/state:ma/place:cohasset
2502141515,ocd-division/country:us/state:ma/place:millis
2502141690,ocd-division/country:us/state:ma/place:milton
2502144105,ocd-division/country:us/state:ma/place:needham
2502150250,ocd-division/country:us/state:ma/place:norwood
2502155955,ocd-division/country:us/state:ma/place:randolph
2502167945,ocd-division/country:us/state:ma/place:stoughton
2502172495,ocd-division/country:us/state:ma/place:walpole
2500546575,ocd-division/country:us/state:ma/place:north_attleborough
2500500520,ocd-division/country:us/state:ma/place:acushnet
2500516950,ocd-division/country:us/state:ma/place:dighton
2500520100,ocd-division/country:us/state:ma/place:easton
2500538225,ocd-division/country:us/state:ma/place:mansfield
2500549970,ocd-division/country:us/state:ma/place:norton
2500556375,ocd-division/country:us/state:ma/place:rehoboth
2500562430,ocd-division/country:us/state:ma/place:somerset
2501731540,ocd-division/country:us/state:ma/place:hudson
2500334340,ocd-division/country:us/state:ma/place:lanesborough
2500938400,ocd-division/country:us/state:ma/place:marblehead
2501529265,ocd-division/country:us/state:ma/place:hatfield
2502712715,ocd-division/country:us/state:ma/place:charlton
2500927620,ocd-division/country:us/state:ma/place:groveland
2500107980,ocd-division/country:us/state:ma/place:brewster
2500123105,ocd-division/country:us/state:ma/place:falmouth
2500151440,ocd-division/country:us/state:ma/place:orleans
2500174385,ocd-division/country:us/state:ma/place:wellfleet
2500960015,ocd-division/country:us/state:ma/place:saugus
2500970150,ocd-division/country:us/state:ma/place:topsfield
2500977150,ocd-division/country:us/state:ma/place:west_newbury
2500901465,ocd-division/country:us/state:ma/place:andover
2500907420,ocd-division/country:us/state:ma/place:boxford
2500921850,ocd-division/country:us/state:ma/place:essex
2500937560,ocd-division/country:us/state:ma/place:lynnfield
2500937995,ocd-division/country:us/state:ma/place:manchester-by-the-sea
2500943580,ocd-division/country:us/state:ma/place:nahant
2501116670,ocd-division/country:us/state:ma/place:deerfield
2501142040,ocd-division/country:us/state:ma/place:monroe
2501135180,ocd-division/country:us/state:ma/place:leverett
2501358650,ocd-division/country:us/state:ma/place:russell
2501370045,ocd-division/country:us/state:ma/place:tolland
2501135285,ocd-division/country:us/state:ma/place:leyden
2501145490,ocd-division/country:us/state:ma/place:new_salem
2501151265,ocd-division/country:us/state:ma/place:orange
2501336300,ocd-division/country:us/state:ma/place:longmeadow
2500726325,ocd-division/country:us/state:ma/place:gosnold
2500769940,ocd-division/country:us/state:ma/place:tisbury
2501105560,ocd-division/country:us/state:ma/place:bernardston
2501705070,ocd-division/country:us/state:ma/place:belmont
2501713135,ocd-division/country:us/state:ma/place:chelmsford
2501730700,ocd-division/country:us/state:ma/place:holliston
2501112505,ocd-division/country:us/state:ma/place:charlemont
2501114885,ocd-division/country:us/state:ma/place:colrain
2501743895,ocd-division/country:us/state:ma/place:natick
2501748955,ocd-division/country:us/state:ma/place:north_reading
2501752805,ocd-division/country:us/state:ma/place:pepperell
2501768260,ocd-division/country:us/state:ma/place:sudbury
2501769415,ocd-division/country:us/state:ma/place:tewksbury
2501771025,ocd-division/country:us/state:ma/place:tyngsborough
2501773790,ocd-division/country:us/state:ma/place:wayland
2501780230,ocd-division/country:us/state:ma/place:wilmington
2501761380,ocd-division/country:us/state:ma/place:sherborn
2501761590,ocd-division/country:us/state:ma/place:shirley
2502308085,ocd-division/country:us/state:ma/place:bridgewater
2502311665,ocd-division/country:us/state:ma/place:carver
2502330210,ocd-division/country:us/state:ma/place:hingham
2502333920,ocd-division/country:us/state:ma/place:lakeville
2502354310,ocd-division/country:us/state:ma/place:plymouth
2502354415,ocd-division/country:us/state:ma/place:plympton
2502360330,ocd-division/country:us/state:ma/place:scituate
2501147835,ocd-division/country:us/state:ma/place:northfield
2501129475,ocd-division/country:us/state:ma/place:hawley
2500701585,ocd-division/country:us/state:ma/place:aquinnah
2501531785,ocd-division/country:us/state:ma/place:huntington
2502300170,ocd-division/country:us/state:ma/place:abington
2502317895,ocd-division/country:us/state:ma/place:duxbury
2502318455,ocd-division/country:us/state:ma/place:east_bridgewater
2502327795,ocd-division/country:us/state:ma/place:halifax
2501504825,ocd-division/country:us/state:ma/place:belchertown
2501527690,ocd-division/country:us/state:ma/place:hadley
2501572880,ocd-division/country:us/state:ma/place:ware
2501579915,ocd-division/country:us/state:ma/place:williamsburg
2502331645,ocd-division/country:us/state:ma/place:hull
2502333220,ocd-division/country:us/state:ma/place:kingston
2502338540,ocd-division/country:us/state:ma/place:marion
2502339450,ocd-division/country:us/state:ma/place:mattapoisett
2502352630,ocd-division/country:us/state:ma/place:pembroke
2502357775,ocd-division/country:us/state:ma/place:rockland
2500577570,ocd-division/country:us/state:ma/place:westport
2501731085,ocd-division/country:us/state:ma/place:hopkinton
2501700380,ocd-division/country:us/state:ma/place:acton
2501701605,ocd-division/country:us/state:ma/place:arlington
2501701955,ocd-division/country:us/state:ma/place:ashby
2501702130,ocd-division/country:us/state:ma/place:ashland
2501703005,ocd-division/country:us/state:ma/place:ayer
2502709105,ocd-division/country:us/state:ma/place:brookfield
2501501325,ocd-division/country:us/state:ma/place:amherst
2502745105,ocd-division/country:us/state:ma/place:new_braintree
2502746925,ocd-division/country:us/state:ma/place:northbridge
2500304545,ocd-division/country:us/state:ma/place:becket
2500334655,ocd-division/country:us/state:ma/place:lee
2500360225,ocd-division/country:us/state:ma/place:savoy
2500371095,ocd-division/country:us/state:ma/place:tyringham
2500300555,ocd-division/country:us/state:ma/place:adams
2500313345,ocd-division/country:us/state:ma/place:cheshire
2502755395,ocd-division/country:us/state:ma/place:princeton
2502758580,ocd-division/country:us/state:ma/place:royalston
2502761800,ocd-division/country:us/state:ma/place:shrewsbury
2500314010,ocd-division/country:us/state:ma/place:clarksburg
2500316180,ocd-division/country:us/state:ma/place:dalton
2501526535,ocd-division/country:us/state:ma/place:granby
2502768155,ocd-division/country:us/state:ma/place:sturbridge
2502768610,ocd-division/country:us/state:ma/place:sutton
2500324120,ocd-division/country:us/state:ma/place:florida
2500321360,ocd-division/country:us/state:ma/place:egremont
2500326815,ocd-division/country:us/state:ma/place:great_barrington
2500328180,ocd-division/country:us/state:ma/place:hancock
2500330315,ocd-division/country:us/state:ma/place:hinsdale
2500778235,ocd-division/country:us/state:ma/place:west_tisbury
2500750390,ocd-division/country:us/state:ma/place:oak_bluffs
2502773090,ocd-division/country:us/state:ma/place:warren
2502775400,ocd-division/country:us/state:ma/place:west_brookfield
2502777010,ocd-division/country:us/state:ma/place:westminster
2500721150,ocd-division/country:us/state:ma/place:edgartown
2500713800,ocd-division/country:us/state:ma/place:chilmark
2500342460,ocd-division/country:us/state:ma/place:monterey
2500343300,ocd-division/country:us/state:ma/place:mount_washington
2500345420,ocd-division/country:us/state:ma/place:new_marlborough
2502702480,ocd-division/country:us/state:ma/place:athol
2502717685,ocd-division/country:us/state:ma/place:dudley
2500353050,ocd-division/country:us/state:ma/place:peru
2500356795,ocd-division/country:us/state:ma/place:richmond
2500361065,ocd-division/country:us/state:ma/place:sheffield
2502730560,ocd-division/country:us/state:ma/place:holden
2502763165,ocd-division/country:us/state:ma/place:southborough
2502775015,ocd-division/country:us/state:ma/place:westborough
2502771480,ocd-division/country:us/state:ma/place:upton
2500367595,ocd-division/country:us/state:ma/place:stockbridge
2500373335,ocd-division/country:us/state:ma/place:washington
2500377990,ocd-division/country:us/state:ma/place:west_stockbridge
2500380685,ocd-division/country:us/state:ma/place:windsor
2502769275,ocd-division/country:us/state:ma/place:templeton
2501179110,ocd-division/country:us/state:ma/place:whately
2501102095,ocd-division/country:us/state:ma/place:ashfield
2501161905,ocd-division/country:us/state:ma/place:shutesbury
2502102935,ocd-division/country:us/state:ma/place:avon
2502117405,ocd-division/country:us/state:ma/place:dover
2502130455,ocd-division/country:us/state:ma/place:holbrook
2502139975,ocd-division/country:us/state:ma/place:medway
2502154100,ocd-division/country:us/state:ma/place:plainville
2502178690,ocd-division/country:us/state:ma/place:westwood
2502182315,ocd-division/country:us/state:ma/place:wrentham
2502160785,ocd-division/country:us/state:ma/place:sharon
2501319645,ocd-division/country:us/state:ma/place:east_longmeadow
2500925625,ocd-division/country:us/state:ma/place:georgetown
2500940430,ocd-division/country:us/state:ma/place:merrimac
2500946365,ocd-division/country:us/state:ma/place:north_andover
2500957880,ocd-division/country:us/state:ma/place:rockport
2500959245,ocd-division/country:us/state:ma/place:salisbury
2500968645,ocd-division/country:us/state:ma/place:swampscott
2500974595,ocd-division/country:us/state:ma/place:wenham
2502746820,ocd-division/country:us/state:ma/place:northborough
2502701885,ocd-division/country:us/state:ma/place:ashburnham
2502702760,ocd-division/country:us/state:ma/place:auburn
2502706015,ocd-division/country:us/state:ma/place:blackstone
2502706365,ocd-division/country:us/state:ma/place:bolton
2502707525,ocd-division/country:us/state:ma/place:boylston
2502714395,ocd-division/country:us/state:ma/place:clinton
2502717300,ocd-division/country:us/state:ma/place:douglas
2502718560,ocd-division/country:us/state:ma/place:east_brookfield
2502726430,ocd-division/country:us/state:ma/place:grafton
2500560645,ocd-division/country:us/state:ma/place:seekonk
2500505280,ocd-division/country:us/state:ma/place:berkley
2502731435,ocd-division/country:us/state:ma/place:hubbardston
2502737420,ocd-division/country:us/state:ma/place:lunenburg
2502740255,ocd-division/country:us/state:ma/place:mendon
2502741340,ocd-division/country:us/state:ma/place:millbury
2500522130,ocd-division/country:us/state:ma/place:fairhaven
2501330665,ocd-division/country:us/state:ma/place:holland
2501554030,ocd-division/country:us/state:ma/place:plainfield
2501564145,ocd-division/country:us/state:ma/place:south_hadley
2501582175,ocd-division/country:us/state:ma/place:worthington
2501562745,ocd-division/country:us/state:ma/place:southampton
2501576380,ocd-division/country:us/state:ma/place:westhampton
2502734795,ocd-division/country:us/state:ma/place:leicester
2502747135,ocd-division/country:us/state:ma/place:north_brookfield
2502758825,ocd-division/country:us/state:ma/place:rutland
2502766105,ocd-division/country:us/state:ma/place:spencer
2502750670,ocd-division/country:us/state:ma/place:oakham
2502751825,ocd-division/country:us/state:ma/place:oxford
2502752420,ocd-division/country:us/state:ma/place:paxton
2501540990,ocd-division/country:us/state:ma/place:middlefield
2502767385,ocd-division/country:us/state:ma/place:sterling
2502771620,ocd-division/country:us/state:ma/place:uxbridge
2502780405,ocd-division/country:us/state:ma/place:winchendon
2501306085,ocd-division/country:us/state:ma/place:blandford
2501313485,ocd-division/country:us/state:ma/place:chester
2501326675,ocd-division/country:us/state:ma/place:granville
2501328075,ocd-division/country:us/state:ma/place:hampden
2501337175,ocd-division/country:us/state:ma/place:ludlow
2501342530,ocd-division/country:us/state:ma/place:montgomery
2501704615,ocd-division/country:us/state:ma/place:bedford
2501707350,ocd-division/country:us/state:ma/place:boxborough
2501709840,ocd-division/country:us/state:ma/place:burlington
2501711525,ocd-division/country:us/state:ma/place:carlisle
2501715060,ocd-division/country:us/state:ma/place:concord
2500107175,ocd-division/country:us/state:ma/place:bourne
2500139100,ocd-division/country:us/state:ma/place:mashpee
2500159735,ocd-division/country:us/state:ma/place:sandwich
2500182525,ocd-division/country:us/state:ma/place:yarmouth
2501308470,ocd-division/country:us/state:ma/place:brimfield
2501717475,ocd-division/country:us/state:ma/place:dracut
2501717825,ocd-division/country:us/state:ma/place:dunstable
2501724925,ocd-division/country:us/state:ma/place:framingham
2501943790,ocd-division/country:us/state:ma/place:nantucket
2501142285,ocd-division/country:us/state:ma/place:montague
2501161135,ocd-division/country:us/state:ma/place:shelburne
2501735215,ocd-division/country:us/state:ma/place:lexington
2501735425,ocd-division/country:us/state:ma/place:lincoln
2501735950,ocd-division/country:us/state:ma/place:littleton
2501372390,ocd-division/country:us/state:ma/place:wales
2502116495,ocd-division/country:us/state:ma/place:dedham
2502146050,ocd-division/country:us/state:ma/place:norfolk
2502139765,ocd-division/country:us/state:ma/place:medfield
2500112995,ocd-division/country:us/state:ma/place:chatham
2500129020,ocd-division/country:us/state:ma/place:harwich
2500155500,ocd-division/country:us/state:ma/place:provincetown
2500170605,ocd-division/country:us/state:ma/place:truro
2500116775,ocd-division/country:us/state:ma/place:dennis
2500119295,ocd-division/country:us/state:ma/place:eastham
2501379740,ocd-division/country:us/state:ma/place:wilbraham
2501739625,ocd-division/country:us/state:ma/place:maynard
2501767665,ocd-division/country:us/state:ma/place:stoneham
2501768050,ocd-division/country:us/state:ma/place:stow
2501772215,ocd-division/country:us/state:ma/place:wakefield
2501776135,ocd-division/country:us/state:ma/place:westford
2501780510,ocd-division/country:us/state:ma/place:winchester
2501705805,ocd-division/country:us/state:ma/place:billerica
2501727480,ocd-division/country:us/state:ma/place:groton
2501756130,ocd-division/country:us/state:ma/place:reading
2501770360,ocd-division/country:us/state:ma/place:townsend
2501777255,ocd-division/country:us/state:ma/place:weston
2501109595,ocd-division/country:us/state:ma/place:buckland
2501115200,ocd-division/country:us/state:ma/place:conway
2501129650,ocd-division/country:us/state:ma/place:heath
2501158335,ocd-division/country:us/state:ma/place:rowe
2502124820,ocd-division/country:us/state:ma/place:foxborough
2501168400,ocd-division/country:us/state:ma/place:sunderland
2501173265,ocd-division/country:us/state:ma/place:warwick
2501125730,ocd-division/country:us/state:ma/place:gill
2501174525,ocd-division/country:us/state:ma/place:wendell
3301380020,ocd-division/country:us/state:nh/place:webster
3301384900,ocd-division/country:us/state:nh/place:wilmot
3301319460,ocd-division/country:us/state:nh/place:dunbarton
3301360020,ocd-division/country:us/state:nh/place:pembroke
3301300660,ocd-division/country:us/state:nh/place:allenstown
3301306260,ocd-division/country:us/state:nh/place:boscawen
3301306500,ocd-division/country:us/state:nh/place:bow
3300773060,ocd-division/country:us/state:nh/place:stark
3300784420,ocd-division/country:us/state:nh/place:whitefield
3301306980,ocd-division/country:us/state:nh/place:bradford
3301309860,ocd-division/country:us/state:nh/place:canterbury
3301312420,ocd-division/country:us/state:nh/place:chichester
3301324900,ocd-division/country:us/state:nh/place:epsom
3301335540,ocd-division/country:us/state:nh/place:henniker
3301337540,ocd-division/country:us/state:nh/place:hopkinton
3301941700,ocd-division/country:us/state:nh/place:lempster
3301952580,ocd-division/country:us/state:nh/place:newport
3301962340,ocd-division/country:us/state:nh/place:plainfield
3301972740,ocd-division/country:us/state:nh/place:springfield
3301975060,ocd-division/country:us/state:nh/place:sunapee
3301978980,ocd-division/country:us/state:nh/place:washington
3301977940,ocd-division/country:us/state:nh/place:unity
3300934820,ocd-division/country:us/state:nh/place:haverhill
3300941860,ocd-division/country:us/state:nh/place:lincoln
3301533460,ocd-division/country:us/state:nh/place:hampton_falls
3301543220,ocd-division/country:us/state:nh/place:londonderry
3301571140,ocd-division/country:us/state:nh/place:south_hampton
3301301460,ocd-division/country:us/state:nh/place:andover
3301533060,ocd-division/country:us/state:nh/place:hampton
3300147140,ocd-division/country:us/state:nh/place:meredith
3300167300,ocd-division/country:us/state:nh/place:sanbornton
3300177060,ocd-division/country:us/state:nh/place:tilton
3301773860,ocd-division/country:us/state:nh/place:strafford
3301316980,ocd-division/country:us/state:nh/place:danbury
3301335860,ocd-division/country:us/state:nh/place:hill
3301337300,ocd-division/country:us/state:nh/place:hooksett
3301354260,ocd-division/country:us/state:nh/place:northfield
3300575700,ocd-division/country:us/state:nh/place:swanzey
3300577380,ocd-division/country:us/state:nh/place:troy
3300585540,ocd-division/country:us/state:nh/place:winchester
3300536660,ocd-division/country:us/state:nh/place:hinsdale
3300575300,ocd-division/country:us/state:nh/place:surry
3300578420,ocd-division/country:us/state:nh/place:walpole
3301101700,ocd-division/country:us/state:nh/place:antrim
3301131940,ocd-division/country:us/state:nh/place:greenville
3301144580,ocd-division/country:us/state:nh/place:lyndeborough
3301151940,ocd-division/country:us/state:nh/place:new_ipswich
3300907700,ocd-division/country:us/state:nh/place:bristol
3300974740,ocd-division/country:us/state:nh/place:sugar_hill
3300961060,ocd-division/country:us/state:nh/place:piermont
3300900580,ocd-division/country:us/state:nh/place:alexandria
3300907540,ocd-division/country:us/state:nh/place:bridgewater
3300713220,ocd-division/country:us/state:nh/place:clarksville
3300713940,ocd-division/country:us/state:nh/place:columbia
3300716820,ocd-division/country:us/state:nh/place:dalton
3300902020,ocd-division/country:us/state:nh/place:ashland
3300756100,ocd-division/country:us/state:nh/place:northumberland
3300761780,ocd-division/country:us/state:nh/place:pittsburg
3300773380,ocd-division/country:us/state:nh/place:stewartstown
3300905060,ocd-division/country:us/state:nh/place:benton
3300905460,ocd-division/country:us/state:nh/place:bethlehem
3300908980,ocd-division/country:us/state:nh/place:canaan
3300918740,ocd-division/country:us/state:nh/place:dorchester
3300923860,ocd-division/country:us/state:nh/place:ellsworth
3300924340,ocd-division/country:us/state:nh/place:enfield
3300927300,ocd-division/country:us/state:nh/place:franconia
3300930820,ocd-division/country:us/state:nh/place:grafton
3300932180,ocd-division/country:us/state:nh/place:groton
3300935220,ocd-division/country:us/state:nh/place:hebron
3300936900,ocd-division/country:us/state:nh/place:holderness
3300940660,ocd-division/country:us/state:nh/place:landaff
3300948980,ocd-division/country:us/state:nh/place:monroe
3301930500,ocd-division/country:us/state:nh/place:goshen
3300110660,ocd-division/country:us/state:nh/place:center_harbor
3301517460,ocd-division/country:us/state:nh/place:deerfield
3301527940,ocd-division/country:us/state:nh/place:fremont
3300500820,ocd-division/country:us/state:nh/place:alstead
3300519140,ocd-division/country:us/state:nh/place:dublin
3300526500,ocd-division/country:us/state:nh/place:fitzwilliam
3300529220,ocd-division/country:us/state:nh/place:gilsum
3300534420,ocd-division/country:us/state:nh/place:harrisville
3300538500,ocd-division/country:us/state:nh/place:jaffrey
3300545460,ocd-division/country:us/state:nh/place:marlborough
3300545700,ocd-division/country:us/state:nh/place:marlow
3300564420,ocd-division/country:us/state:nh/place:richmond
3300564580,ocd-division/country:us/state:nh/place:rindge
3300565700,ocd-division/country:us/state:nh/place:roxbury
3300573700,ocd-division/country:us/state:nh/place:stoddard
3300574900,ocd-division/country:us/state:nh/place:sullivan
3300768980,ocd-division/country:us/state:nh/place:shelburne
3301502340,ocd-division/country:us/state:nh/place:atkinson
3301502820,ocd-division/country:us/state:nh/place:auburn
3301509300,ocd-division/country:us/state:nh/place:candia
3301512100,ocd-division/country:us/state:nh/place:chester
3301517140,ocd-division/country:us/state:nh/place:danville
3301517940,ocd-division/country:us/state:nh/place:derry
3301521380,ocd-division/country:us/state:nh/place:east_kingston
3301524660,ocd-division/country:us/state:nh/place:epping
3301525380,ocd-division/country:us/state:nh/place:exeter
3301531700,ocd-division/country:us/state:nh/place:greenland
3301532900,ocd-division/country:us/state:nh/place:hampstead
3301540100,ocd-division/country:us/state:nh/place:kingston
3301550980,ocd-division/country:us/state:nh/place:new_castle
3301159940,ocd-division/country:us/state:nh/place:pelham
3301176260,ocd-division/country:us/state:nh/place:temple
3301101300,ocd-division/country:us/state:nh/place:amherst
3301104500,ocd-division/country:us/state:nh/place:bedford
3301104900,ocd-division/country:us/state:nh/place:bennington
3301108100,ocd-division/country:us/state:nh/place:brookline
3301117780,ocd-division/country:us/state:nh/place:deering
3301127140,ocd-division/country:us/state:nh/place:francestown
3301129860,ocd-division/country:us/state:nh/place:goffstown
3301131540,ocd-division/country:us/state:nh/place:greenfield
3301133700,ocd-division/country:us/state:nh/place:hancock
3301136180,ocd-division/country:us/state:nh/place:hillsborough
3301137140,ocd-division/country:us/state:nh/place:hollis
3301137940,ocd-division/country:us/state:nh/place:hudson
3301142260,ocd-division/country:us/state:nh/place:litchfield
3301146260,ocd-division/country:us/state:nh/place:mason
3301147540,ocd-division/country:us/state:nh/place:merrimack
3301148020,ocd-division/country:us/state:nh/place:milford
3301149140,ocd-division/country:us/state:nh/place:mont_vernon
3301150740,ocd-division/country:us/state:nh/place:new_boston
3301160580,ocd-division/country:us/state:nh/place:peterborough
3301168820,ocd-division/country:us/state:nh/place:sharon
3301179780,ocd-division/country:us/state:nh/place:weare
3301185220,ocd-division/country:us/state:nh/place:wilton
3301185940,ocd-division/country:us/state:nh/place:windsor
3301343380,ocd-division/country:us/state:nh/place:loudon
3301350900,ocd-division/country:us/state:nh/place:newbury
3301352100,ocd-division/country:us/state:nh/place:new_london
3301361940,ocd-division/country:us/state:nh/place:pittsfield
3301366980,ocd-division/country:us/state:nh/place:salisbury
3301375460,ocd-division/country:us/state:nh/place:sutton
3300725140,ocd-division/country:us/state:nh/place:errol
3300730260,ocd-division/country:us/state:nh/place:gorham
3300738820,ocd-division/country:us/state:nh/place:jefferson
3300747860,ocd-division/country:us/state:nh/place:milan
3300763860,ocd-division/country:us/state:nh/place:randolph
3300713780,ocd-division/country:us/state:nh/place:colebrook
3300774180,ocd-division/country:us/state:nh/place:stratford
3301378580,ocd-division/country:us/state:nh/place:warner
3300719300,ocd-division/country:us/state:nh/place:dummer
3300710100,ocd-division/country:us/state:nh/place:carroll
3300314660,ocd-division/country:us/state:nh/place:conway
3300323380,ocd-division/country:us/state:nh/place:eaton
3300323620,ocd-division/country:us/state:nh/place:effingham
3300349380,ocd-division/country:us/state:nh/place:moultonborough
3300358740,ocd-division/country:us/state:nh/place:ossipee
3301539780,ocd-division/country:us/state:nh/place:kensington
3301564020,ocd-division/country:us/state:nh/place:raymond
3301568260,ocd-division/country:us/state:nh/place:seabrook
3301585780,ocd-division/country:us/state:nh/place:windham
3300903940,ocd-division/country:us/state:nh/place:bath
3300908660,ocd-division/country:us/state:nh/place:campton
3300922020,ocd-division/country:us/state:nh/place:easton
3300933860,ocd-division/country:us/state:nh/place:hanover
3300512260,ocd-division/country:us/state:nh/place:chesterfield
3300550580,ocd-division/country:us/state:nh/place:nelson
3300582660,ocd-division/country:us/state:nh/place:westmoreland
3300942580,ocd-division/country:us/state:nh/place:littleton
3300962660,ocd-division/country:us/state:nh/place:plymouth
3300978740,ocd-division/country:us/state:nh/place:warren
3300942020,ocd-division/country:us/state:nh/place:lisbon
3300944100,ocd-division/country:us/state:nh/place:lyman
3300944260,ocd-division/country:us/state:nh/place:lyme
3300958340,ocd-division/country:us/state:nh/place:orange
3300958500,ocd-division/country:us/state:nh/place:orford
3300965940,ocd-division/country:us/state:nh/place:rumney
3300976740,ocd-division/country:us/state:nh/place:thornton
3300979380,ocd-division/country:us/state:nh/place:waterville_valley
3300980500,ocd-division/country:us/state:nh/place:wentworth
3300987060,ocd-division/country:us/state:nh/place:woodstock
3300300420,ocd-division/country:us/state:nh/place:albany
3300303700,ocd-division/country:us/state:nh/place:bartlett
3300311780,ocd-division/country:us/state:nh/place:chatham
3300327700,ocd-division/country:us/state:nh/place:freedom
3300334500,ocd-division/country:us/state:nh/place:hart~s_location
3300338260,ocd-division/country:us/state:nh/place:jackson
3300345060,ocd-division/country:us/state:nh/place:madison
3300367780,ocd-division/country:us/state:nh/place:sandwich
3300376100,ocd-division/country:us/state:nh/place:tamworth
3300377620,ocd-division/country:us/state:nh/place:tuftonboro
3300378180,ocd-division/country:us/state:nh/place:wakefield
3301765540,ocd-division/country:us/state:nh/place:rollinsford
3301726020,ocd-division/country:us/state:nh/place:farmington
3301748660,ocd-division/country:us/state:nh/place:milton
3300740420,ocd-division/country:us/state:nh/place:lancaster
3301911380,ocd-division/country:us/state:nh/place:charlestown
3301931220,ocd-division/country:us/state:nh/place:grantham
3301703460,ocd-division/country:us/state:nh/place:barrington
3301719700,ocd-division/country:us/state:nh/place:durham
3301741460,ocd-division/country:us/state:nh/place:lee
3301744820,ocd-division/country:us/state:nh/place:madbury
3301747700,ocd-division/country:us/state:nh/place:middleton
3301751220,ocd-division/country:us/state:nh/place:new_durham
3300386420,ocd-division/country:us/state:nh/place:wolfeboro
3301900260,ocd-division/country:us/state:nh/place:acworth
3301915060,ocd-division/country:us/state:nh/place:cornish
3301916340,ocd-division/country:us/state:nh/place:croydon
3301940900,ocd-division/country:us/state:nh/place:langdon
3300307940,ocd-division/country:us/state:nh/place:brookfield
3301551380,ocd-division/country:us/state:nh/place:newfields
3300101060,ocd-division/country:us/state:nh/place:alton
3300103220,ocd-division/country:us/state:nh/place:barnstead
3300104740,ocd-division/country:us/state:nh/place:belmont
3300128740,ocd-division/country:us/state:nh/place:gilford
3301557460,ocd-division/country:us/state:nh/place:nottingham
3301551620,ocd-division/country:us/state:nh/place:newington
3301552340,ocd-division/country:us/state:nh/place:newmarket
3301552900,ocd-division/country:us/state:nh/place:newton
3301554580,ocd-division/country:us/state:nh/place:north_hampton
3301556820,ocd-division/country:us/state:nh/place:northwood
3300128980,ocd-division/country:us/state:nh/place:gilmanton
3300151540,ocd-division/country:us/state:nh/place:new_hampton
3301562500,ocd-division/country:us/state:nh/place:plaistow
3301566180,ocd-division/country:us/state:nh/place:rye
3301566660,ocd-division/country:us/state:nh/place:salem
3301567620,ocd-division/country:us/state:nh/place:sandown
3301574340,ocd-division/country:us/state:nh/place:stratham
3301507220,ocd-division/country:us/state:nh/place:brentwood
4400925300,ocd-division/country:us/state:ri/place:exeter
4400914500,ocd-division/country:us/state:ri/place:charlestown
4400570880,ocd-division/country:us/state:ri/place:tiverton
4400545460,ocd-division/country:us/state:ri/place:middletown
4400977000,ocd-division/country:us/state:ri/place:westerly
4400720080,ocd-division/country:us/state:ri/place:cumberland
4400737720,ocd-division/country:us/state:ri/place:johnston
4400752480,ocd-division/country:us/state:ri/place:north_smithfield
4400967460,ocd-division/country:us/state:ri/place:south_kingstown
4400318640,ocd-division/country:us/state:ri/place:coventry
4400322240,ocd-division/country:us/state:ri/place:east_greenwich
4400764220,ocd-division/country:us/state:ri/place:scituate
4400741500,ocd-division/country:us/state:ri/place:lincoln
4400105140,ocd-division/country:us/state:ri/place:barrington
4400109280,ocd-division/country:us/state:ri/place:bristol
4400173760,ocd-division/country:us/state:ri/place:warren
4400542400,ocd-division/country:us/state:ri/place:little_compton
4400557880,ocd-division/country:us/state:ri/place:portsmouth
4400536820,ocd-division/country:us/state:ri/place:jamestown
4400948340,ocd-division/country:us/state:ri/place:narragansett
4400950500,ocd-division/country:us/state:ri/place:new_shoreham
4400935380,ocd-division/country:us/state:ri/place:hopkinton
4400951580,ocd-division/country:us/state:ri/place:north_kingstown
4400961160,ocd-division/country:us/state:ri/place:richmond
4400711800,ocd-division/country:us/state:ri/place:burrillville
4400751760,ocd-division/country:us/state:ri/place:north_providence
4400727460,ocd-division/country:us/state:ri/place:foster
4400730340,ocd-division/country:us/state:ri/place:glocester
4400766200,ocd-division/country:us/state:ri/place:smithfield
4400378440,ocd-division/country:us/state:ri/place:west_warwick
4400377720,ocd-division/country:us/state:ri/place:west_greenwich
5002509475,ocd-division/country:us/state:vt/place:brookline
5002517875,ocd-division/country:us/state:vt/place:dover
5002528900,ocd-division/country:us/state:vt/place:grafton
5002530925,ocd-division/country:us/state:vt/place:guilford
5002531150,ocd-division/country:us/state:vt/place:halifax
5002536175,ocd-division/country:us/state:vt/place:jamaica
5002543375,ocd-division/country:us/state:vt/place:marlboro
5000339025,ocd-division/country:us/state:vt/place:landgrove
5000342850,ocd-division/country:us/state:vt/place:manchester_town
5000355000,ocd-division/country:us/state:vt/place:peru
5000357025,ocd-division/country:us/state:vt/place:pownal
5000358600,ocd-division/country:us/state:vt/place:readsboro
5000361000,ocd-division/country:us/state:vt/place:rupert
5000363550,ocd-division/country:us/state:vt/place:shaftsbury
5000571575,ocd-division/country:us/state:vt/place:sutton
5000575700,ocd-division/country:us/state:vt/place:walden
5000583500,ocd-division/country:us/state:vt/place:wheelock
5002155600,ocd-division/country:us/state:vt/place:pittsford
5002157250,ocd-division/country:us/state:vt/place:proctor
5002147425,ocd-division/country:us/state:vt/place:mount_tabor
5002161300,ocd-division/country:us/state:vt/place:rutland_town
5002180875,ocd-division/country:us/state:vt/place:west_haven
5002570750,ocd-division/country:us/state:vt/place:stratton
5002573300,ocd-division/country:us/state:vt/place:townshend
5002583950,ocd-division/country:us/state:vt/place:whitingham
5002584700,ocd-division/country:us/state:vt/place:wilmington
5000369775,ocd-division/country:us/state:vt/place:stamford
5000371425,ocd-division/country:us/state:vt/place:sunderland
5000385075,ocd-division/country:us/state:vt/place:winhall
5000385675,ocd-division/country:us/state:vt/place:woodford
5000162575,ocd-division/country:us/state:vt/place:salisbury
5001127700,ocd-division/country:us/state:vt/place:georgia
5002311125,ocd-division/country:us/state:vt/place:cabot
5002702725,ocd-division/country:us/state:vt/place:barnard
5002705800,ocd-division/country:us/state:vt/place:bethel
5002708275,ocd-division/country:us/state:vt/place:bridgewater
5002712250,ocd-division/country:us/state:vt/place:cavendish
5002713675,ocd-division/country:us/state:vt/place:chester
5002576225,ocd-division/country:us/state:vt/place:wardsboro
5002732425,ocd-division/country:us/state:vt/place:hartland
5002741275,ocd-division/country:us/state:vt/place:ludlow_town
5002756050,ocd-division/country:us/state:vt/place:plymouth
5002756350,ocd-division/country:us/state:vt/place:pomfret
5002758375,ocd-division/country:us/state:vt/place:reading
5002760850,ocd-division/country:us/state:vt/place:royalton
5002763775,ocd-division/country:us/state:vt/place:sharon
5000911800,ocd-division/country:us/state:vt/place:canaan
5000939700,ocd-division/country:us/state:vt/place:lemington
5000941425,ocd-division/country:us/state:vt/place:lunenburg
5000942475,ocd-division/country:us/state:vt/place:maidstone
5000759275,ocd-division/country:us/state:vt/place:richmond
5000773975,ocd-division/country:us/state:vt/place:underhill
5000780350,ocd-division/country:us/state:vt/place:westford
5000724175,ocd-division/country:us/state:vt/place:essex
5002548400,ocd-division/country:us/state:vt/place:newfane_town
5002560250,ocd-division/country:us/state:vt/place:rockingham
5002581400,ocd-division/country:us/state:vt/place:westminster_town
5002584850,ocd-division/country:us/state:vt/place:windham
5001159125,ocd-division/country:us/state:vt/place:richford
5000910075,ocd-division/country:us/state:vt/place:brunswick
5002701300,ocd-division/country:us/state:vt/place:andover
5002702575,ocd-division/country:us/state:vt/place:baltimore
5002732275,ocd-division/country:us/state:vt/place:hartford
5002752900,ocd-division/country:us/state:vt/place:norwich
5002760100,ocd-division/country:us/state:vt/place:rochester
5001171725,ocd-division/country:us/state:vt/place:swanton_town
5001124925,ocd-division/country:us/state:vt/place:fairfax
5001161750,ocd-division/country:us/state:vt/place:st_albans_town
5001535050,ocd-division/country:us/state:vt/place:hyde_park_town
5002770375,ocd-division/country:us/state:vt/place:stockbridge
5002777500,ocd-division/country:us/state:vt/place:weathersfield
5002783050,ocd-division/country:us/state:vt/place:west_windsor
5002784925,ocd-division/country:us/state:vt/place:windsor
5002785975,ocd-division/country:us/state:vt/place:woodstock_town
5002769550,ocd-division/country:us/state:vt/place:springfield
5002782000,ocd-division/country:us/state:vt/place:weston
5002107750,ocd-division/country:us/state:vt/place:brandon
5002111950,ocd-division/country:us/state:vt/place:castleton
5002344500,ocd-division/country:us/state:vt/place:middlesex
5002114350,ocd-division/country:us/state:vt/place:chittenden
5002105200,ocd-division/country:us/state:vt/place:benson
5002144800,ocd-division/country:us/state:vt/place:middletown_springs
5002175925,ocd-division/country:us/state:vt/place:wallingford
5002114500,ocd-division/country:us/state:vt/place:clarendon
5002116825,ocd-division/country:us/state:vt/place:danby
5002134450,ocd-division/country:us/state:vt/place:hubbardton
5002135425,ocd-division/country:us/state:vt/place:ira
5002137685,ocd-division/country:us/state:vt/place:killington
5002144125,ocd-division/country:us/state:vt/place:mendon
5002147200,ocd-division/country:us/state:vt/place:mount_holly
5002154250,ocd-division/country:us/state:vt/place:pawlet
5002155450,ocd-division/country:us/state:vt/place:pittsfield
5002156875,ocd-division/country:us/state:vt/place:poultney_town
5002165275,ocd-division/country:us/state:vt/place:shrewsbury
5001546675,ocd-division/country:us/state:vt/place:morristown
5000906325,ocd-division/country:us/state:vt/place:bloomfield
5000908725,ocd-division/country:us/state:vt/place:brighton
5000915250,ocd-division/country:us/state:vt/place:concord
5000921250,ocd-division/country:us/state:vt/place:east_haven
5000929125,ocd-division/country:us/state:vt/place:granby
5001585375,ocd-division/country:us/state:vt/place:wolcott
5001504375,ocd-division/country:us/state:vt/place:belvidere
5001511500,ocd-division/country:us/state:vt/place:cambridge_town
5000930775,ocd-division/country:us/state:vt/place:guildhall
5000952750,ocd-division/country:us/state:vt/place:norton
5000975175,ocd-division/country:us/state:vt/place:victory
5001523500,ocd-division/country:us/state:vt/place:eden
5001523725,ocd-division/country:us/state:vt/place:elmore
5001537075,ocd-division/country:us/state:vt/place:johnson_town
5001570525,ocd-division/country:us/state:vt/place:stowe
5001577425,ocd-division/country:us/state:vt/place:waterville
5001300860,ocd-division/country:us/state:vt/place:alburgh_town
5001329275,ocd-division/country:us/state:vt/place:grand_isle
5001335875,ocd-division/country:us/state:vt/place:isle_la_motte
5001350650,ocd-division/country:us/state:vt/place:north_hero
5001367000,ocd-division/country:us/state:vt/place:south_hero
5000301450,ocd-division/country:us/state:vt/place:arlington
5000362875,ocd-division/country:us/state:vt/place:sandgate
5000714875,ocd-division/country:us/state:vt/place:colchester
5000762050,ocd-division/country:us/state:vt/place:st_george
5001981700,ocd-division/country:us/state:vt/place:westmore
5001980200,ocd-division/country:us/state:vt/place:westfield
5000128600,ocd-division/country:us/state:vt/place:goshen
5000109025,ocd-division/country:us/state:vt/place:bristol
5001936325,ocd-division/country:us/state:vt/place:jay
5001903550,ocd-division/country:us/state:vt/place:barton_town
5001928075,ocd-division/country:us/state:vt/place:glover
5001900475,ocd-division/country:us/state:vt/place:albany_town
5001909850,ocd-division/country:us/state:vt/place:brownington
5001913150,ocd-division/country:us/state:vt/place:charleston
5001916150,ocd-division/country:us/state:vt/place:coventry
5001916300,ocd-division/country:us/state:vt/place:craftsbury
5001930175,ocd-division/country:us/state:vt/place:greensboro
5001933775,ocd-division/country:us/state:vt/place:holland
5000706550,ocd-division/country:us/state:vt/place:bolton
5001935575,ocd-division/country:us/state:vt/place:irasburg
5001940525,ocd-division/country:us/state:vt/place:lowell
5001946450,ocd-division/country:us/state:vt/place:morgan
5001948925,ocd-division/country:us/state:vt/place:newport_town
5001973525,ocd-division/country:us/state:vt/place:troy
5000713300,ocd-division/country:us/state:vt/place:charlotte
5000733475,ocd-division/country:us/state:vt/place:hinesburg
5000734600,ocd-division/country:us/state:vt/place:huntington
5000736700,ocd-division/country:us/state:vt/place:jericho_town
5000108575,ocd-division/country:us/state:vt/place:bridport
5000126300,ocd-division/country:us/state:vt/place:ferrisburgh
5000153725,ocd-division/country:us/state:vt/place:orwell
5000139325,ocd-division/country:us/state:vt/place:leicester
5000148700,ocd-division/country:us/state:vt/place:new_haven
5001713525,ocd-division/country:us/state:vt/place:chelsea
5001748175,ocd-division/country:us/state:vt/place:newbury_town
5000561525,ocd-division/country:us/state:vt/place:ryegate
5000577125,ocd-division/country:us/state:vt/place:waterford
5000517125,ocd-division/country:us/state:vt/place:danville
5000502875,ocd-division/country:us/state:vt/place:barnet
5000764300,ocd-division/country:us/state:vt/place:shelburne
5000784475,ocd-division/country:us/state:vt/place:williston
5002303250,ocd-division/country:us/state:vt/place:barre_town
5002346225,ocd-division/country:us/state:vt/place:moretown
5002305650,ocd-division/country:us/state:vt/place:berlin
5002355825,ocd-division/country:us/state:vt/place:plainfield
5002311350,ocd-division/country:us/state:vt/place:calais
5002321925,ocd-division/country:us/state:vt/place:east_montpelier
5002325825,ocd-division/country:us/state:vt/place:fayston
5002343600,ocd-division/country:us/state:vt/place:marshfield_town
5002350275,ocd-division/country:us/state:vt/place:northfield_town
5002360625,ocd-division/country:us/state:vt/place:roxbury
5002375325,ocd-division/country:us/state:vt/place:waitsfield
5001917350,ocd-division/country:us/state:vt/place:derby
5002376525,ocd-division/country:us/state:vt/place:warren
5002385525,ocd-division/country:us/state:vt/place:woodbury
5002386125,ocd-division/country:us/state:vt/place:worcester
5002171050,ocd-division/country:us/state:vt/place:sudbury
5002172925,ocd-division/country:us/state:vt/place:tinmouth
5002177950,ocd-division/country:us/state:vt/place:wells
5002182300,ocd-division/country:us/state:vt/place:west_rutland
5002125375,ocd-division/country:us/state:vt/place:fair_haven
5002376975,ocd-division/country:us/state:vt/place:waterbury_town
5000116000,ocd-division/country:us/state:vt/place:cornwall
5000129575,ocd-division/country:us/state:vt/place:granville
5000131525,ocd-division/country:us/state:vt/place:hancock
5000144350,ocd-division/country:us/state:vt/place:middlebury
5000145550,ocd-division/country:us/state:vt/place:monkton
5002318550,ocd-division/country:us/state:vt/place:duxbury
5000153950,ocd-division/country:us/state:vt/place:panton
5000159650,ocd-division/country:us/state:vt/place:ripton
5000165050,ocd-division/country:us/state:vt/place:shoreham
5000170075,ocd-division/country:us/state:vt/place:starksboro
5000176075,ocd-division/country:us/state:vt/place:waltham
5000100325,ocd-division/country:us/state:vt/place:addison
5000183275,ocd-division/country:us/state:vt/place:weybridge
5000745250,ocd-division/country:us/state:vt/place:milton
5000140075,ocd-division/country:us/state:vt/place:lincoln
5000183800,ocd-division/country:us/state:vt/place:whiting
5001102500,ocd-division/country:us/state:vt/place:bakersfield
5000569925,ocd-division/country:us/state:vt/place:stannard
5001105425,ocd-division/country:us/state:vt/place:berkshire
5001124050,ocd-division/country:us/state:vt/place:enosburgh
5001125225,ocd-division/country:us/state:vt/place:fairfield
5001126500,ocd-division/country:us/state:vt/place:fletcher
5001127100,ocd-division/country:us/state:vt/place:franklin
5001145850,ocd-division/country:us/state:vt/place:montgomery
5001164600,ocd-division/country:us/state:vt/place:sheldon
5002507900,ocd-division/country:us/state:vt/place:brattleboro
5002518325,ocd-division/country:us/state:vt/place:dummerston
5002540225,ocd-division/country:us/state:vt/place:londonderry
5002557700,ocd-division/country:us/state:vt/place:putney
5002574800,ocd-division/country:us/state:vt/place:vernon
5000363175,ocd-division/country:us/state:vt/place:searsburg
5001133025,ocd-division/country:us/state:vt/place:highgate
5000510450,ocd-division/country:us/state:vt/place:burke
5000530550,ocd-division/country:us/state:vt/place:groton
5000531825,ocd-division/country:us/state:vt/place:hardwick
5002501900,ocd-division/country:us/state:vt/place:athens
5000304825,ocd-division/country:us/state:vt/place:bennington
5000317725,ocd-division/country:us/state:vt/place:dorset
5000537900,ocd-division/country:us/state:vt/place:kirby
5000541725,ocd-division/country:us/state:vt/place:lyndon
5000547725,ocd-division/country:us/state:vt/place:newark
5000554400,ocd-division/country:us/state:vt/place:peacham
5000562200,ocd-division/country:us/state:vt/place:st_johnsbury
5000564075,ocd-division/country:us/state:vt/place:sheffield
5001707600,ocd-division/country:us/state:vt/place:braintree
5001709325,ocd-division/country:us/state:vt/place:brookfield
5001715700,ocd-division/country:us/state:vt/place:corinth
5001725675,ocd-division/country:us/state:vt/place:fairlee
5001753425,ocd-division/country:us/state:vt/place:orange
5001758075,ocd-division/country:us/state:vt/place:randolph
5001770675,ocd-division/country:us/state:vt/place:strafford
5001772400,ocd-division/country:us/state:vt/place:thetford
5001773075,ocd-division/country:us/state:vt/place:topsham
5001773675,ocd-division/country:us/state:vt/place:tunbridge
5001774950,ocd-division/country:us/state:vt/place:vershire
5001779975,ocd-division/country:us/state:vt/place:west_fairlee
5001784175,ocd-division/country:us/state:vt/place:williamstown
5001707375,ocd-division/country:us/state:vt/place:bradford
5001776750,ocd-division/country:us/state:vt/place:washington
